id,driver_id,uber_type,rider_type,rendezvous_confidence,rider_distance,driver_distance,ata_vs_eta,happiness
ID86355,NM0GE9E70F1043201,Uber Black,Traveler,5.304,29.67,3.7,0.9,1
ID86355,WBALZ5C56CD701241,Uber Black,Traveler,5.304,30.67,3.7,1.0,1
ID868202,1FTEW1E87AK806915,UberPool,HFR,3.622,22.47,10.8,1.1,1
ID927241,SALVN2BG6DH555886,UberPool,Traveler,4.712,29.33,5,1.1,1
ID927241,YV4902BZ0E1579049,UberPool,Traveler,4.712,29.33,5,1.1,1
ID868202,WAUAF98E85A120862,UberPool,HFR,3.622,22.47,10.8,1.2,1
ID91979701,WBA3B3G51EN456915,UberX,HFR,4.152,11.73,9.6,1.2,1
ID853612,1G4HR54K244495233,UberPool,Traveler,4.436,18.7,11.2,1.2,1
ID853612,19UUA8F59EA606299,UberPool,Traveler,4.436,18.7,11.2,1.2,1
ID8810703,WAUMF98K79A185534,UberPool,HFR,4.568,,0.1,1.2,1
ID873593,2G4WC582761308411,Uber Black,Commuter,4.564,36.57,4.7,1.2,1
ID873593,WA1CYAFE4AD559926,Uber Black,Commuter,4.564,51.57,4.7,1.2,1
ID84348301,3D7LT2ET0AG494785,UberX,Commuter,5.7,8.96,11.2,1.2,1
ID84348301,1ZVBP8JS1B5134425,UberX,Commuter,5.7,8.96,11.2,1.2,1
ID8911670,WAUHF98P07A763466,Uber Black,Premium,3.5692,39.51,6.9,1.4,1
ID8911670,5N1AA0ND2FN612303,Uber Black,Premium,3.5692,36.51,6.9,1.4,1
ID91979701,KMHTC6AD5EU997372,UberX,HFR,4.152,11.73,9.6,1.4,1
ID926424,WAUPEBFM9DA382709,Uber Black,Social,4.44,42.39,4.8,1.4,1
ID926424,1GD220CG1CZ251598,Uber Black,Social,4.44,40.39,4.8,1.4,1
ID8810703,4USBU33566L532487,UberPool,HFR,4.568,,0.1,1.4,1
ID8810987,WAUDG74F16N164841,UberPool,Commuter,4.104,16.93,9.9,1.4,1
ID8810987,2T1BURHEXEC182238,UberPool,Commuter,4.104,16.93,9.9,1.4,1
ID9012795,3FAHP0CG2BR973557,Uber Black,Social,4.004,41.9,4.9,1.4,1
ID865423,SALME1D44AA424968,UberPool,Other,5.788,20.2,2.4,1.4,1
ID865423,1FAHP3E2XCL856389,UberPool,Other,5.788,20.2,2.4,1.4,1
ID887181,JTHBL1EF3D5639421,UberPool,Traveler,4.436,23.2,8,1.4,1
ID887181,3VWKX7AJ8CM643926,UberPool,Traveler,4.436,23.2,8,1.4,1
ID8711803,WAULT68EX3A449382,Uber Black,Social,3.4776,42.09,6.4,1.5,1
ID8711803,WVGAV7AX7CW421687,Uber Black,Social,3.4776,41.09,6.4,1.5,1
ID886226,JHMZF1D42ES655909,UberPool,HFR,4.14,19.33,6.3,1.5,1
ID9012795,1FTNF1E87AK730127,Uber Black,Social,4.004,43.9,4.9,1.5,1
ID8610862,WDDGF4HB7DG055977,UberX,Commuter,5.144,12.4,4.6,1.5,1
ID8711202,1G6DP577660248844,UberX,Other,4.46,9.9,7.3,1.8,1
ID8711202,5GAKRCKD5EJ686748,UberX,Other,4.46,9.9,7.3,1.8,1
ID871201,YV140MAB6F1011302,UberX,Traveler,4.48,14.15,5.9,1.8,1
ID888264,WAUR4AFD2CN471437,Uber Black,Premium,3.4648,,7.9,1.9,1
ID888264,1LNHL9DR9BG187283,Uber Black,Premium,3.4648,,7.9,1.9,1
ID866203,1N6AA0CJXDN760772,UberX,Social,3.2868,14.91,6.7,1.9,1
ID866203,3C4PDDBGXDT323792,UberX,Social,3.2868,14.91,6.7,1.9,1
ID857637,KMHDB8AE5AU078607,UberX,Premium,4.212,14.57,6.4,1.9,1
ID85922302,1C4PJLAB8FW276669,UberX,Traveler,4.488,12.39,10.7,1.9,1
ID85922302,WP0AA2A93DS332261,UberX,Traveler,4.488,12.39,10.7,1.9,1
ID875938,1N6AF0LX6FN627158,Uber Black,Traveler,4.8,45.29,9.9,1.9,1
ID875938,2T1BURHE6EC979943,Uber Black,Traveler,4.8,46.29,9.9,1.9,1
ID888570,1G6DH577880836597,UberX,Traveler,3.5996,11.21,7.6,1.9,1
ID888570,WAULT64B83N623356,UberX,Traveler,3.5996,11.21,7.6,1.9,1
ID915143,WVWAN7AN5EE159373,Uber Black,HFR,3.7368,43.83,3.8,1.9,1
ID915143,1GD12YEG1FF370314,Uber Black,HFR,3.7368,44.83,3.8,1.9,1
ID84610002,1N6AF0KX3EN019078,UberX,Other,3.884,13.89,8.6,1.9,1
ID84610002,1G6DE8EG4A0851116,UberX,Other,3.884,13.89,8.6,1.9,1
ID859983,5N1AA0ND0FN995206,UberPool,HFR,4.028,15.79,10,1.9,1
ID871201,WAUBGAFBXAN317000,UberX,Traveler,4.48,14.15,5.9,1.9,1
ID9011494,SALWG2VF6FA174391,Uber Black,Premium,3.962,45.83,5.6,1.9,1
ID9011494,2G4GS5GX5E9853639,Uber Black,Premium,3.962,49.83,5.6,1.9,1
ID852973,1G4HD572X8U150998,UberPool,Social,4.328,25.27,8.8,1.9,1
ID852973,WAUMFAFL7AA085029,UberPool,Social,4.328,25.27,8.8,1.9,1
ID857010,JN8AF5MR6ET424477,UberX,Other,4.396,13.6,6.6,1.9,1
ID884180,WBA3N7C51EK164882,UberX,Premium,4.108,,6.1,2.0,1
ID892189,1N6AD0CW5FN689440,Uber Black,Social,3.9872,,11.5,2.0,1
ID884180,1G4GA5GR6CF066997,UberX,Premium,4.108,,6.1,2.0,1
ID88725602,YV4902NB2F1595446,Uber Black,Premium,4.252,50.56,8.6,2.0,1
ID926954,3G5DA03L66S044498,UberPool,Social,3.382,28.08,8.2,2.0,1
ID926954,1FMHK7B81BG268650,UberPool,Social,3.382,28.08,8.2,2.0,1
ID85638502,2G61V5S8XF9586164,UberX,Commuter,3.8856,10.88,10.5,2.0,1
ID85638502,2HNYD2H22AH688583,UberX,Commuter,3.8856,10.88,10.5,2.0,1
ID8612399,3C3CFFFH4ET420029,Uber Black,Premium,3.9496,44.86,6.9,2.0,1
ID8612399,1GD01ZCG6CF579826,Uber Black,Premium,3.9496,39.86,6.9,2.0,1
ID861799,JM1NC2JF5F0526550,UberX,Other,3.68,,9,2.0,1
ID861799,WDDHF2EB5CA116581,UberX,Other,3.68,,9,2.0,1
ID859983,1GYEE637360231688,UberPool,HFR,4.028,15.79,10,2.0,1
ID86730502,4JGDA2EB6DA320505,UberPool,Traveler,4.032,21.54,8.4,2.0,1
ID86730502,5N1AL0MM5FC335895,UberPool,Traveler,4.032,21.54,8.4,2.0,1
ID88330202,1G6DE5EY9B0450167,UberPool,Commuter,3.9248,39.28,7.7,2.0,1
ID88330202,2HNYD2H45CH066080,UberPool,Commuter,3.9248,39.28,7.7,2.0,1
ID886452,YV1902MD0F1843614,Uber Black,Traveler,4.384,39.69,9.9,2.0,1
ID886452,WBAEV33492P307116,Uber Black,Traveler,4.384,39.69,9.9,2.0,1
ID895633,5UXKR6C59F0162564,Uber Black,Premium,4.66,48.27,8.2,2.0,1
ID857010,3D7LT2ET8AG885411,UberX,Other,4.396,13.6,6.6,2.0,1
ID88299702,JH4DC54853S122642,UberX,Traveler,3.8036,13.57,3.6,2.0,1
ID88299702,3N1CE2CP6FL097254,UberX,Traveler,3.8036,13.57,3.6,2.0,1
ID91504,19UUA66264A668218,UberX,Other,4.648,,9.8,2.0,1
ID91504,2GKALMEK5C6173056,UberX,Other,4.648,12.82,9.8,2.0,1
ID843786,2G4WD552261400530,UberPool,Commuter,5.112,15.7,10.7,2.0,1
ID843786,1G6KD57Y09U257254,UberPool,Commuter,5.112,15.7,10.7,2.0,1
ID854002,1N4AL2AP4CN192040,Uber Black,Other,3.7604,44.47,6.2,2.0,1
ID854002,JTDKDTB35F1713288,Uber Black,Other,3.7604,43.47,6.2,2.0,1
ID869691,WAUWFAFH4DN420698,Uber Black,Commuter,4.364,49.44,11.1,2.0,1
ID869691,2D4JN1AG3BR341203,Uber Black,Commuter,4.364,41.44,11.1,2.0,1
ID919555,4T1BK3DB8AU307082,Uber Black,Commuter,4.184,43.86,5.2,2.0,1
ID919555,1G4HD572X8U150998,Uber Black,Commuter,4.184,37.86,5.2,2.0,1
ID863030,WAUFFBFL7DN971508,UberX,HFR,5.592,11.56,10.3,2.0,1
ID911157302,5J8TB3H73GL294160,UberPool,Other,3.8736,20.52,5.2,2.0,1
ID8812877,WAUBF78EX7A187815,Uber Black,Premium,4.1,,8.7,2.0,1
ID8712766,1D7RW3BK7AS541211,UberX,Social,4.196,13,7.4,2.0,1
ID857637,3D4PG6FV7AT633389,UberX,Premium,4.212,14.57,6.4,2.0,1
ID87281702,WA1AGAFE1CD775276,UberPool,Social,3.9324,20.11,8.1,2.0,1
ID9111805,3VW217AU6FM941911,UberX,Traveler,4.128,13.33,6.2,2.0,1
ID877989,3GTXKYEJ9AG125472,Uber Black,Other,3.5872,34.32,7.5,2.0,1
ID90602302,JTJBARBZ8F2949523,Uber Black,Social,4.48,40.08,8.7,2.0,1
ID8712766,JM1NC2JF5E0553620,UberX,Social,4.196,13,7.4,2.0,1
ID84300903,WA1AY74L29D667307,Uber Black,Premium,4.384,39.25,6,2.0,1
ID91485,1VWAH7A34CC494894,UberPool,Social,4.34,21.24,5.2,2.0,1
ID854039,YV1672MK7C2053830,UberX,Premium,4.16,13.88,8.3,2.0,1
ID845636,JM1NC2LF1C0858431,Uber Black,Premium,3.2824,,8.7,2.1,1
ID845636,1D4PT2GK1BW308922,Uber Black,Premium,3.2824,,8.7,2.1,1
ID865128,WA1VGAFP9FA082688,UberX,Traveler,3.3608,6.89,7.6,2.1,1
ID865128,WAUFMAFC4EN407672,UberX,Traveler,3.3608,6.89,7.6,2.1,1
ID873885,1GD11ZCGXDF034170,UberPool,Commuter,3.6228,22.41,9.1,2.1,1
ID873885,WBAUL7C5XDV134965,UberPool,Commuter,3.6228,22.41,9.1,2.1,1
ID8860702,3VW1K7AJ6FM205971,UberX,Commuter,4.032,13.08,7.7,2.1,1
ID8860702,1C6RD6PT5CS390267,UberX,Commuter,4.032,13.08,7.7,2.1,1
ID926682,5XYKT3A18DG324581,UberPool,Traveler,3.912,28.25,5.9,2.1,1
ID926682,WBAWV13508P474314,UberPool,Traveler,3.912,28.25,5.9,2.1,1
ID852781,1B3CC4FB9AN490433,Uber Black,Premium,3.776,34.72,6.8,2.1,1
ID852781,1GD22XEG5FZ569914,Uber Black,Premium,3.776,46.72,6.8,2.1,1
ID88206102,SCBLC31E52C983004,UberX,Traveler,3.6636,13.68,5.6,2.1,1
ID88206102,SCFFDABM3DG180769,UberX,Traveler,3.6636,13.68,5.6,2.1,1
ID89742801,1YVHZ8BH7C5944115,UberX,HFR,4.476,10.07,7.8,2.1,1
ID89742801,JH4DC54835S685353,UberX,HFR,4.476,10.07,7.8,2.1,1
ID901288,WAUDFBFL3AN470215,UberX,Premium,3.7784,13.35,5.5,2.1,1
ID901288,WBAEA5C52AC185589,UberX,Premium,3.7784,13.35,5.5,2.1,1
ID895633,1GYEC63T14R768992,Uber Black,Premium,4.66,51.27,8.2,2.1,1
ID89812,JN1AZ4EH2FM193322,Uber Black,Premium,4.276,36.27,3.5,2.1,1
ID89812,1N6AF0KY9FN773743,Uber Black,Premium,4.276,42.27,3.5,2.1,1
ID914062,1G6AH5RX0E0160142,UberX,HFR,4.004,9.39,7.2,2.1,1
ID914062,SCBGR3ZA8CC090036,UberX,HFR,4.004,9.39,7.2,2.1,1
ID86208,4T1BF1FK0CU627585,UberPool,Traveler,3.6312,23.03,5.8,2.1,1
ID86208,2C3CCAGG4CH375360,UberPool,Traveler,3.6312,23.03,5.8,2.1,1
ID868826,WUAUUAFG4F7838244,UberX,HFR,4.668,13.57,9.3,2.1,1
ID868826,WP0AB2A96FS157486,UberX,HFR,4.668,13.57,9.3,2.1,1
ID8810955,JH4DC43651S004825,UberX,Commuter,3.7852,12.39,9.7,2.1,1
ID8810955,4T3BA3BB3DU203441,UberX,Commuter,3.7852,12.39,9.7,2.1,1
ID8811842,JN1CV6ELXFM428439,Uber Black,Premium,3.7532,44.98,6,2.1,1
ID863030,1G6AH5R34F0228795,UberX,HFR,5.592,11.56,10.3,2.1,1
ID864877,YV4902BZ7B1231891,UberPool,Other,4.62,22.91,8.4,2.1,1
ID864877,JN1CV6FE8BM344694,UberPool,Other,4.62,22.91,8.4,2.1,1
ID87880,WA1EY94L49D887285,UberPool,Traveler,5.292,23.75,9.8,2.1,1
ID87880,3C6JD6CTXCG862506,UberPool,Traveler,5.292,23.75,9.8,2.1,1
ID8611792,2GKALMEK9C6834376,UberPool,Other,4.86,26.29,6.1,2.1,1
ID8611792,JN1AY1AP7BM967928,UberPool,Other,4.86,26.29,6.1,2.1,1
ID881861,WVGAV3AX3DW027260,UberX,Commuter,4.352,11.51,10.5,2.1,1
ID881861,1N6AA0CJ3DN998916,UberX,Commuter,4.352,11.51,10.5,2.1,1
ID8912280,WAURVAFD9BN042503,Uber Black,Premium,4.264,37.75,8.1,2.1,1
ID8912280,2G4WS52J221186943,Uber Black,Premium,4.264,39.75,8.1,2.1,1
ID859717,1N6AD0CW7FN958733,UberX,Commuter,4.284,12.85,7.6,2.1,1
ID859717,WAUDV74F18N950583,UberX,Commuter,4.284,12.85,7.6,2.1,1
ID885429,3C6TD4HT5CG006407,UberX,Commuter,4.248,15.82,5.9,2.1,1
ID885429,5NPE24AF4FH268281,UberX,Commuter,4.248,15.82,5.9,2.1,1
ID89263202,3N1AB7AP9FY277802,UberPool,Other,4.32,23.86,5.5,2.1,1
ID89263202,3C6JD7BP3CG945382,UberPool,Other,4.32,23.86,5.5,2.1,1
ID8610404,1GD312CG3BF778139,Uber Black,Commuter,3.6672,37.65,8.6,2.2,1
ID8610404,4A37L2EF4AE769553,Uber Black,Commuter,3.6672,38.65,8.6,2.2,1
ID862717,1G6AT5SX1E0771287,Uber Black,Premium,3.7952,44.98,10.2,2.2,1
ID844359,1G4GA5GR8FF433953,UberX,Social,3.7852,15.98,7,2.2,1
ID844359,1G6KD57Y84U932387,UberX,Social,3.7852,15.98,7,2.2,1
ID8811842,1N6AF0KX5FN066162,Uber Black,Premium,3.7532,48.98,6,2.2,1
ID8953902,WAUDH48H68K158318,Uber Black,Other,4.676,,8.3,2.2,1
ID8953902,1D7RE3BK4AS654407,Uber Black,Other,4.676,,8.3,2.2,1
ID90312,WAUMGBFL9DA183714,UberPool,Traveler,4.04,23.21,6.1,2.2,1
ID90312,WBSBR93426P255341,UberPool,Traveler,4.04,23.21,6.1,2.2,1
ID90524101,WUAW2AFCXEN638281,UberX,Premium,4.144,9.72,7.2,2.2,1
ID90524101,19UUA66217A341567,UberX,Premium,4.144,9.72,7.2,2.2,1
ID9110732,WAUJT68E62A608386,Uber Black,Social,3.9988,48.03,7.3,2.2,1
ID852763,5FPYK1F29DB720181,UberX,Other,4.216,10.45,9.3,2.2,1
ID852763,YV4902BZ3C1502141,UberX,Other,4.216,10.65,9.3,2.2,1
ID895100,SCBDC4BL5AC370340,Uber Black,Premium,4.68,39.51,5.4,2.2,1
ID895100,1D7RV1GP8BS217178,Uber Black,Premium,4.68,36.51,5.4,2.2,1
ID915460,WAUEFBFL0CN656821,UberPool,Traveler,4.732,23.95,8.6,2.2,1
ID915460,1G6AH5R34F0228795,UberPool,Traveler,4.732,23.95,8.6,2.2,1
ID853401,5YMKT6C50F0275961,UberPool,Commuter,4.256,25.11,6.5,2.2,1
ID853401,WA1VMBFE6DD443402,UberPool,Commuter,4.256,25.11,6.5,2.2,1
ID911916,JTJHY7AX5A4196234,UberX,Premium,4.104,15.51,8,2.2,1
ID911916,2C3CCADT2CH225409,UberX,Premium,4.104,15.51,8,2.2,1
ID873592,JTHBK1GG6D2686548,UberX,Commuter,4.376,11.04,0.8,2.2,1
ID883263,JA4AP3AUXCZ902748,UberPool,Commuter,3.342,21.46,5.7,2.3,1
ID883263,WBAWB73558P230900,UberPool,Commuter,3.342,21.46,5.7,2.3,1
ID854268,WAUAF78E58A547991,Uber Black,Premium,3.9292,34.72,9.6,2.3,1
ID854268,1FMJK1J54AE993675,Uber Black,Premium,3.9292,46.72,9.6,2.3,1
ID887549,WBXPC93497W230915,Uber Black,HFR,4,,5.7,2.3,1
ID887549,1G4CW54K914851806,Uber Black,HFR,4,,5.7,2.3,1
ID86517,WVGEF9BP0DD657328,UberX,Social,4.216,13.12,6.9,2.3,1
ID86517,WDDHF7GB2EB845788,UberX,Social,4.216,13.12,6.9,2.3,1
ID894326,1N6AF0KY5FN926991,UberPool,Traveler,3.8984,18.87,7.1,2.3,1
ID894326,1FM5K7B83EG327205,UberPool,Traveler,3.8984,18.87,7.1,2.3,1
ID9110732,5YMKT6C50F0275961,Uber Black,Social,3.9988,48.03,7.3,2.3,1
ID914769,19VDE3F78DE029163,UberPool,Traveler,4.048,17.52,6.9,2.3,1
ID914769,1GKKRNED4FJ653042,UberPool,Traveler,4.048,17.52,6.9,2.3,1
ID916838,SCBZK22E02C206235,UberX,HFR,4.148,8.74,5.9,2.3,1
ID916838,1G6AZ5SX9E0119760,UberX,HFR,4.148,8.74,5.9,2.3,1
ID91930402,3C6TD4HT9CG427269,Uber Black,Social,3.6624,40.67,5.5,2.3,1
ID91930402,JN1AZ4EH9FM778821,Uber Black,Social,3.6624,37.67,5.5,2.3,1
ID84358402,WAUJC58E74A432221,UberX,Traveler,4.012,10.34,5.5,2.3,1
ID84358402,SCFEBBAC9AG437123,UberX,Traveler,4.012,10.34,5.5,2.3,1
ID854253,WBA4B3C56FG874452,UberX,Commuter,3.844,10.71,8,2.3,1
ID854253,1GYS3EEJ0DR093807,UberX,Commuter,3.844,10.71,8,2.3,1
ID898431,19UUA8F52DA615988,UberPool,HFR,3.9188,21.68,6,2.3,1
ID898431,1GYS4CKJ8FR692267,UberPool,HFR,3.9188,21.68,6,2.3,1
ID857793,2HNYD28628H312091,UberPool,Other,4.548,21.59,9.4,2.3,1
ID873592,WAU2MAFC4EN019050,UberX,Commuter,4.376,11.04,0.8,2.3,1
ID844981,2T1KE4EE2AC532895,UberPool,Other,5.092,21.82,10.2,2.3,1
ID844981,WBAGN634X2D976863,UberPool,Other,5.092,21.82,10.2,2.3,1
ID8910988,3C3CFFJH4ET248396,UberPool,Social,3.7604,20.99,4.3,2.3,1
ID8910988,JN8AF5MR5DT286784,UberPool,Social,3.7604,20.99,4.3,2.3,1
ID9012000,1G6AW5SX3F0169421,UberX,Social,4.252,11.1,4.3,2.3,1
ID9012000,YV1902FH5D1373996,UberX,Social,4.252,11.1,4.3,2.3,1
ID87556202,1FTWW3B50AE558581,UberX,Premium,4.176,,9,2.3,1
ID87556202,5J8TB3H37DL520855,UberX,Premium,4.176,,9,2.3,1
ID911296202,NM0KS9BN4CT367774,Uber Black,Premium,4.336,48.27,0.3,2.3,0
ID911296202,YV1982BW3A1085161,Uber Black,Premium,4.336,51.27,0.3,2.3,1
ID858986,1FMHK7B82CG773095,Uber Black,Premium,4.196,39.15,9.4,2.3,1
ID858986,WBAKX8C51BC229344,Uber Black,Premium,4.196,44.15,9.4,2.3,1
ID9113538,5TDBM5G14AS641692,Uber Black,HFR,3.7156,43.33,7.1,2.3,1
ID9113538,19XFB2E55FE548659,Uber Black,HFR,3.7156,37.33,7.1,2.3,0
ID84862001,3D7LP2ETXAG219011,UberPool,HFR,4.68,20.68,8.2,2.3,1
ID84862001,1GYS4AEF7DR876012,UberPool,HFR,4.68,20.68,8.2,2.3,1
ID88649001,WAULF78K99A048823,UberX,Premium,3.704,13.84,5.6,2.3,1
ID88649001,WAUDH48H27K693404,UberX,Premium,3.704,13.84,5.6,2.3,1
ID878796,WAUKF78E67A838101,UberPool,Commuter,4.564,26.67,3.1,2.3,1
ID877159,1GYS3JEF7ER250531,UberX,HFR,2.9484,10.93,7.3,2.4,1
ID877159,WA1YD64B82N653990,UberX,HFR,2.9484,10.96,7.3,2.4,0
ID894618,1FTEW1CF4FF616832,Uber Black,Traveler,3.208,32.66,5.9,2.4,1
ID894618,5N1AL0MM7FC529991,Uber Black,Traveler,3.208,31.66,5.9,2.4,1
ID9011971,WDDGF5EB4AA858917,UberPool,Commuter,3.7536,17.25,4.9,2.4,1
ID9011971,JN1AZ4EH9EM677941,UberPool,Commuter,3.7536,17.25,4.9,2.4,1
ID91594602,JH4CL96816C865653,UberX,Commuter,3.686,,9.3,2.4,1
ID91594602,JTHBE1D29F5657398,UberX,Commuter,3.686,,9.3,2.4,1
ID873701,WBA3G7C52EF821627,UberX,Commuter,3.8388,8.91,8.9,2.4,0
ID873701,NM0GE9E77F1520965,UberX,Commuter,3.8388,8.91,8.9,2.4,1
ID889719,WBAKF5C53CE153682,Uber Black,Commuter,3.8904,46.07,7.8,2.4,1
ID889719,3N1BC1AP5BL845954,Uber Black,Commuter,3.8904,46.07,7.8,2.4,1
ID8712729,1FTEX1C81AF822147,Uber Black,Social,3.546,,8.1,2.4,1
ID8712729,JH4DC54856S641050,Uber Black,Social,3.546,,8.1,2.4,1
ID909445,WBA3B3G59DN374235,Uber Black,Premium,3.3324,,7.8,2.4,1
ID909445,3G5DB03E83S243353,Uber Black,Premium,3.3324,,7.8,2.4,1
ID911296201,JN1AY1AP2DM743680,Uber Black,HFR,3.9592,,7.9,2.4,1
ID911296201,2C3CDXHG0DH219347,Uber Black,HFR,3.9592,,7.9,2.4,1
ID862548,1GD11ZCG6BF212217,UberPool,Commuter,3.9008,19.77,9.6,2.4,1
ID862548,WAUVT68E84A571166,UberPool,Commuter,3.9008,19.77,9.6,2.4,1
ID869104,1D7CW2GK8AS422012,UberX,Premium,3.8884,14.05,8.5,2.4,0
ID869104,JN8AF5MV6FT960246,UberX,Premium,3.8884,14.05,8.5,2.4,1
ID88119002,1HGCR2E75FA453071,UberPool,Traveler,3.368,32.47,6.2,2.4,1
ID88119002,1N6AD0CU8EN392160,UberPool,Traveler,3.368,32.47,6.2,2.4,1
ID88995002,1G6AR5SX8F0061920,UberPool,Commuter,3.7876,31.12,5.4,2.4,1
ID88995002,5NPDH4AE4CH724177,UberPool,Commuter,3.7876,31.12,5.4,2.4,1
ID901088,1G6KF54904U948932,Uber Black,Other,3.66,31.78,5.6,2.4,1
ID901088,JH4KB16558C717806,Uber Black,Other,3.66,45.78,5.6,2.4,1
ID908489,JA4AS2AW7CU817518,Uber Black,Traveler,4.24,34.62,9.9,2.4,1
ID908489,WAUDH78E28A382991,Uber Black,Traveler,4.24,32.62,9.9,2.4,1
ID857793,WAUHFAFL1BA938897,UberPool,Other,4.548,21.59,9.4,2.4,1
ID875263,1N6AF0LY5FN326454,UberX,HFR,4.136,13.53,10.9,2.4,0
ID875263,4T1BD1FK0FU634207,UberX,HFR,4.136,13.53,10.9,2.4,1
ID881046502,1GTN1TEX6CZ093603,Uber Black,Social,3.636,37.14,5.5,2.4,1
ID881046502,SAJWA6BC2F8358066,Uber Black,Social,3.636,41.14,5.5,2.4,1
ID896839,JTDKN3DU4A0706589,UberPool,Social,3.7964,,8.4,2.4,1
ID896839,KNAFU6A27C5296513,UberPool,Social,3.7964,,8.4,2.4,1
ID897630,1G6AB5R33F0162810,Uber Black,Traveler,3.6464,45.43,6.7,2.4,1
ID897630,WVGAV7AX7BW185802,Uber Black,Traveler,3.6464,45.43,6.7,2.4,1
ID908445,WBAAV53401F670483,UberX,Premium,4.072,11.11,6.6,2.4,1
ID908445,3D7LP2ETXAG219011,UberX,Premium,4.072,11.11,6.6,2.4,1
ID877486,5N1AR1NB7AC523540,UberPool,Traveler,3.4092,22.49,6.2,2.4,1
ID877486,1D7RV1CTXBS248404,UberPool,Traveler,3.4092,22.49,6.2,2.4,1
ID856106,WUARL48H29K397506,Uber Black,Premium,4.164,39.15,10.3,2.4,1
ID856106,WA1WKBFP2CA536753,Uber Black,Premium,4.164,44.15,10.3,2.4,1
ID8912049,WAULT68E83A615222,Uber Black,Premium,4.08,26.6,6.4,2.4,1
ID8912049,1GYFK66818R665365,Uber Black,Premium,4.08,26.6,6.4,2.4,1
ID89122,1G6AJ5S33F0447777,UberPool,Commuter,4.148,18.18,6.3,2.4,1
ID89122,JM1CR2W37A0240941,UberPool,Commuter,4.148,18.18,6.3,2.4,0
ID913505,3VW517AT1FM397130,Uber Black,HFR,4.356,42.82,6.2,2.4,1
ID913505,4T1BK1EB3FU425566,Uber Black,HFR,4.356,42.82,6.2,2.4,1
ID852552,WVGFF9BPXBD403935,UberPool,Other,4.484,21.38,8,2.4,1
ID852552,WAUJC58E52A380035,UberPool,Other,4.484,21.38,8,2.4,1
ID915691,WAUDG68E65A878143,UberX,Other,4.424,9.06,10.1,2.4,1
ID915691,NM0GE9E70F1043201,UberX,Other,4.424,9.27,10.1,2.4,1
ID85382601,3C3CFFAR2FT814386,UberPool,Traveler,4.788,23.98,7.7,2.4,1
ID85382601,1FMJK1FT5FE960389,UberPool,Traveler,4.788,23.98,7.7,2.4,1
ID857392,3VW4A7AT8DM956553,Uber Black,HFR,4.592,38.7,7,2.4,1
ID878796,3N1AB6AP6BL241762,UberPool,Commuter,4.564,26.67,3.1,2.4,1
ID903516,1GYS3BEF6CR297276,UberX,Social,4.668,11.39,4.6,2.4,1
ID903516,1G6KD57Y68U248346,UberX,Social,4.668,11.39,4.6,2.4,1
ID925622,WAUEH48H68K166133,UberPool,HFR,4.192,30.62,8.7,2.4,1
ID925622,2G61V5S8XF9586164,UberPool,HFR,4.192,30.62,8.7,2.4,1
ID91762702,WBADT63463C516020,Uber Black,Social,4.12,38.6,2.4,2.4,0
ID91762702,1C3CDFDH2FD410356,Uber Black,Social,4.12,31.6,2.4,2.4,1
ID8511133,JTHKD5BHXB2396666,UberPool,Traveler,4.292,14.26,8.7,2.4,1
ID8511133,JH4DC54823C987031,UberPool,Traveler,4.292,14.26,8.7,2.4,1
ID8610637,4T1BK1EB2EU123409,UberX,Social,4.26,12.15,7,2.4,1
ID8610637,JH4DC53013S249710,UberX,Social,4.26,12.15,7,2.4,1
ID9013838,2HNYB1H62CH520853,Uber Black,HFR,4.864,34.83,11.7,2.4,1
ID9013838,WAUBNBFB6BN763089,Uber Black,HFR,4.864,34.83,11.7,2.4,1
ID855625,WBAYP1C59FD075869,UberPool,Commuter,3.6324,24.81,6.2,2.4,1
ID855625,KMHTC6ADXEU127648,UberPool,Commuter,3.6324,24.81,6.2,2.4,1
ID907914,KNAFU6A29A5207831,Uber Black,Premium,3.9788,45.56,8.8,2.4,1
ID907914,WAUEF78E16A899626,Uber Black,Premium,3.9788,50.56,8.8,2.4,1
ID926125,WAUDF48H99K735303,UberX,Commuter,4.396,13.36,4.7,2.4,1
ID926125,JN8AF5MR6ET424477,UberX,Commuter,4.396,13.36,4.7,2.4,1
ID852631,3G5DB03E83S243353,Uber Black,Traveler,4.744,47.97,7.4,2.4,1
ID852631,1FTWW3B55AE488043,Uber Black,Traveler,4.744,34.97,7.4,2.4,1
ID84667401,1G6AB5SA6D0538664,UberX,Premium,4.524,,9.6,2.4,1
ID84667401,19UYA42422A686189,UberX,Premium,4.524,,9.6,2.4,1
ID886776,1FTSX2B56AE048743,UberPool,HFR,5.34,17.27,8.7,2.4,1
ID886776,JTDKN3DU3F0214952,UberPool,HFR,5.34,17.27,8.7,2.4,1
ID899667,1G6AB5RA0F0333964,UberX,Premium,4.972,15.22,8.3,2.4,1
ID899667,1C4SDHCT3EC767168,UberX,Premium,4.972,15.22,8.3,2.4,0
ID899987,WBA3A5G55EN745522,UberPool,Other,4.596,17.46,1.6,2.4,1
ID899987,WAUDH74F88N162861,UberPool,Other,4.596,17.46,1.6,2.4,1
ID84501001,JN8AZ2KR9ET958954,Uber Black,Other,4.744,37.04,10.6,2.4,1
ID879830,3FADP4AJ7FM916536,Uber Black,Social,3.5088,33.26,8,2.5,1
ID879830,WAUSH74F77N665612,Uber Black,Social,3.5088,41.26,8,2.5,1
ID853201,KMHTC6AD5EU997372,UberPool,Other,3.9388,15.05,7.5,2.5,1
ID853201,2G4WF521441879276,UberPool,Other,3.9388,15.05,7.5,2.5,1
ID8712289,4A31K3DT8AE364835,Uber Black,Social,3.3756,47.04,3.8,2.5,1
ID8712289,WAUJC58E05A879829,Uber Black,Social,3.3756,32.04,3.8,2.5,1
ID881094802,JN8AF5MR5FT625014,UberPool,Commuter,4.024,25.56,7.5,2.5,1
ID881094802,1G6DC8EG6A0301387,UberPool,Commuter,4.024,25.56,7.5,2.5,1
ID857392,55SWF4JB5FU243909,Uber Black,HFR,4.592,37.7,7,2.5,1
ID859283,2T2BK1BA8BC790831,Uber Black,Commuter,4.688,40.94,9.3,2.5,1
ID859283,2C3CDXGJ5CH714896,Uber Black,Commuter,4.688,46.94,9.3,2.5,1
ID867739,JN8AS5MT5AW362991,Uber Black,HFR,3.772,41.91,7,3.0,1
ID877500,WAUBGBFC7CN216157,Uber Black,Social,3.9488,32.22,9.6,3.0,1
ID85715,WBAWV13508P474314,UberX,Commuter,4.632,14.66,10.4,3.0,1
ID866674,1G6DJ8E37D0732229,Uber Black,Commuter,4.06,42.12,6,3.0,1
ID86135501,SCFAB423X1K788628,Uber Black,Commuter,3.7776,37.46,9.6,3.0,1
ID88725602,1FMCU4K37CK396042,Uber Black,Premium,4.252,45.56,8.6,3.0,1
ID9012315,WVWAP7AN8EE409022,UberX,Commuter,3.8968,12.33,8.1,3.0,1
ID9012315,3GYT4NEF1DG441966,UberX,Commuter,3.8968,12.33,8.1,3.0,1
ID84799002,WAURMAFD5EN570661,Uber Black,Other,4.556,37.54,9.3,3.0,0
ID91485,3C6JD7BP3CG945382,UberPool,Social,4.34,21.24,5.2,3.0,1
ID867739,WBAFU7C52BC201895,Uber Black,HFR,3.772,44.91,7,3.0,1
ID855563,1G6DS57V780912648,Uber Black,Premium,4.908,36.27,11.8,3.0,1
ID9110127,1G4HD572X8U150998,UberPool,Commuter,3.5788,16.85,7.2,3.0,1
ID884948,5UXWX7C56CL354192,UberX,Premium,4.028,,5.1,3.0,1
ID90439701,2C3CCARG6FH191975,Uber Black,Social,4.92,40.02,6.6,3.3,1
ID908194,2C3CA9CT2AH966968,UberX,Commuter,4.532,15.54,5.6,3.5,1
ID908194,WBA5A5C53ED659453,UberX,Commuter,4.532,15.54,5.6,3.5,1
ID846226,WAUSH78E37A714023,Uber Black,Premium,3.896,,5.8,3.5,1
ID846226,KMHHT6KDXEU460873,Uber Black,Premium,3.896,,5.8,3.7,1
ID90439701,1FMJK1H52DE861623,Uber Black,Social,4.92,38.02,6.6,3.7,1
ID8610862,4USBT534X4L380555,UberX,Commuter,5.144,12.54,4.6,4.0,1
ID877500,5UXFF03589L728949,Uber Black,Social,3.9488,41.22,9.6,4.0,1
ID87164,WAULFAFR5CA097408,UberX,Traveler,5.028,7.89,8.7,4.0,1
ID84300903,SCFFDCCD0CG773630,Uber Black,Premium,4.384,44.25,6,4.0,1
ID877989,KNAFZ6A34F5769072,Uber Black,Other,3.5872,41.32,7.5,4.0,0
ID855563,5NPDH4AE1EH769712,Uber Black,Premium,4.908,42.27,11.8,4.0,1
ID8670,WDDGF4HB4CF237964,Uber Black,Premium,4.368,45.83,8.8,4.0,1
ID846381,2T1BPRHE9FC540955,UberPool,Commuter,3.3604,23.95,8.6,4.0,1
ID881972,JH4DC53813S383543,Uber Black,Premium,4.564,32.08,7.7,4.0,1
ID881972,SCFAB02A76G400482,Uber Black,Premium,4.564,,7.7,4.0,1
ID86135501,3C63DRHL1CG227063,Uber Black,Commuter,3.7776,42.46,9.6,4.0,1
ID849014,3C63DRKLXCG606202,UberPool,Social,3.9324,22.15,6,4.0,1
ID864729,5J6TF2H53DL738719,UberX,Other,4.648,12.67,9.1,4.0,1
ID84501001,WBAAV33451E816922,Uber Black,Other,4.744,38.04,10.6,4.0,1
ID874858,WAUHF98P07A915486,Uber Black,Traveler,4.3,34.12,9.6,4.0,1
ID874858,2HNYD18864H833031,Uber Black,Traveler,4.3,44.12,9.6,4.0,1
ID842302,4T1BD1FK8EU439177,UberX,Commuter,4.736,6.38,6.7,4.0,1
ID903507,19UYA42782A666720,UberX,HFR,4.64,15.97,8.8,4.0,1
ID84799002,WAULC68E95A297176,Uber Black,Other,4.556,46.54,9.3,4.0,1
ID846381,WVGAV7AX4BW036196,UberPool,Commuter,3.3604,23.95,8.6,4.0,1
ID84458202,19UUB3F79FA542820,Uber Black,Premium,4.756,42.83,10,4.0,1
ID892438,1G4GE5G36EF382502,Uber Black,Premium,4.6,37.94,6,4.0,1
ID892189,4A31K5DF6CE242631,Uber Black,Social,3.9872,,11.5,4.0,1
ID9110127,JTDZN3EU2D3385765,UberPool,Commuter,3.5788,16.85,7.2,4.0,1
ID851509,WBABS334X3P407500,UberX,HFR,3.7712,11.92,5.3,4.0,1
ID851509,WAUAFAFL8DA296652,UberX,HFR,3.7712,11.92,5.3,4.0,1
ID859575,WBAVC53548A590479,Uber Black,Commuter,3.6036,39.31,6.6,4.0,1
ID901034302,1N6AA0EC7DN014696,Uber Black,Traveler,2.9744,32.07,11.1,4.0,0
ID89382601,1G4HP57M09U191442,Uber Black,HFR,3.0472,44.44,9.7,4.0,0
ID8711002,JTJBC1BAXE2171570,Uber Black,Other,3.7536,42.22,10.5,4.0,0
ID898677,3FA6P0LU8FR128036,Uber Black,HFR,3.9528,35.59,12.4,4.1,0
ID88203002,1FMJU1G56AE098609,Uber Black,Social,3.112,51.81,11.9,4.1,0
ID894855,1GKLRKED3AJ987056,Uber Black,Premium,4.536,39.53,10.7,4.1,0
ID8915,JN1AJ0HP1AM828137,UberX,Commuter,3.5968,15.1,9.3,4.1,0
ID901034301,5GAKVBED0BJ664928,UberX,HFR,4.036,14.32,13,4.1,0
ID894047,JTDKDTB31C1813951,UberX,Commuter,4.296,14.6,13.6,4.1,0
ID8712853,WAUGF98K89A845500,UberPool,Other,3.942,16.95,9.4,4.1,0
ID90250,19XFA1E62AE879777,Uber Black,Premium,2.774,,11.1,4.1,0
ID8711561,WAUNF98P56A779129,Uber Black,Premium,4.356,,11.4,4.1,0
ID912519,WAUEKBFB0AN233608,UberPool,Traveler,4.284,14.06,10.3,4.2,0
ID905190,KNADN5A35F6046421,UberX,Commuter,3.0204,10.16,10.7,4.2,0
ID905978,KL4CJASB3EB982515,Uber Black,Premium,4.176,37.25,13,4.2,0
ID9011495,4T1BK1EB3FU425566,UberX,Traveler,3.6924,14.02,11.2,4.2,0
ID907409,1D7CE3BK8AS984668,UberPool,Traveler,3.9264,14.98,12.3,4.2,0
ID90317302,1N4AB7AP1EN075177,Uber Black,Premium,3.9984,38.2,12.4,4.2,0
ID863031,JM1NC2MF1D0824828,UberX,Social,4.568,14.33,11.5,4.2,0
ID906024,WBADW7C53DE954831,Uber Black,Traveler,3.514,38.21,10.9,4.2,0
ID921385,WBSWD93538P822975,UberX,Premium,3.9936,10.44,11.5,4.2,0
ID8710441,KL4CJHSB3DB299334,UberPool,Commuter,4.288,15.34,12.6,4.2,0
ID882488,WAURGAFD5DN435556,UberX,Commuter,3.3856,11.91,13,4.3,0
ID921362,3C3CFFAR2FT814386,UberX,Other,3.4672,13.48,14.2,4.3,0
ID8712064,WAUHFAFL6AA064075,UberX,Premium,4.048,11.34,11,4.3,0
ID89382602,5N1AA0NDXEN265026,Uber Black,Premium,3.5176,37.54,10.8,4.3,0
ID891670,WBA5M6C52ED839827,UberX,Traveler,4.02,12.02,10.7,4.3,0
ID894089,WBAKF9C50BE012297,Uber Black,Premium,3.4044,47.52,11.1,4.3,0
ID909777,3LNHL2GC6AR922193,Uber Black,Other,3.2568,29.32,12.3,4.3,0
ID859196,JTHBE1D26E5833113,UberX,HFR,3.0884,9.86,13.1,4.4,0
ID909410,WBABS334X3P407500,UberX,Traveler,3.1864,11.66,10,4.4,0
ID902975,WA1LMAFE4DD723580,UberPool,Traveler,3.2432,14.09,11.1,4.4,0
ID857810,19UUA56681A184348,Uber Black,Social,3.224,,10.7,4.4,0
ID898678,JN1BY1AP2FM078335,UberX,Commuter,3.3544,,11.3,4.4,0
ID901315,5GAKVCED7BJ525661,UberX,Commuter,3.6292,8.35,12,4.4,0
ID917896,3GYFNAEY6AS770952,Uber Black,Premium,3.9664,28.19,10.1,4.4,0
ID89864002,1N6AA0EC8FN900965,UberPool,Commuter,4.6,15.45,11.5,4.4,1
ID924084,1B3CB7HB3AD654590,UberX,Premium,3.3104,13.91,10.9,4.4,0
ID893548,5NPEB4AC6EH988024,Uber Black,Social,3.3408,44.7,10.7,4.4,0
ID9110944,1G4HR54K244495233,Uber Black,Other,3.6716,48.15,9.4,4.5,0
ID921644,WBAVB13556P587306,Uber Black,Premium,3.31,,9.5,4.5,0
ID863270,4JGDF2EE7EA103638,UberPool,Other,3.3908,18.54,11.1,4.5,0
ID91789,JN1CV6FE8BM344694,Uber Black,Social,3.4044,34.83,11.9,4.5,0
ID917062,WA1AY74L47D018136,UberPool,HFR,4.872,,10.6,4.5,0
ID8712064,JHMZE2H51ES094761,UberX,Premium,4.048,11.34,11,4.5,0
ID871001501,5XXGM4A76CG496141,UberPool,Commuter,4.54,20.78,10.6,4.5,0
ID8711561,WAUML64B43N320840,Uber Black,Premium,4.356,,11.4,4.5,0
ID923780,2G61V5S8XF9586164,UberX,Other,3.8264,,11.9,4.5,0
ID868999,WBAKX8C52BC451813,UberPool,Social,3.7,11.97,12.9,4.5,0
ID9112085,WBA1J7C59FV500507,UberPool,Other,3.698,30.72,10.4,4.5,0
ID906564,2C3CA4CD8AH258994,Uber Black,HFR,4.124,41.97,9.2,4.5,0
ID892604,1GKKRNED4FJ653042,UberX,Premium,3.3804,15.89,11,4.5,0
ID8911834,WBABD53444P154732,UberPool,Traveler,3.8064,15.18,10.1,4.6,0
ID908916,WBA4C9C50FD159152,Uber Black,Premium,3.6544,39.25,10.7,4.6,0
ID91903902,WBAEB53558C497252,Uber Black,Premium,3.7108,40.29,10.2,4.6,0
ID893988,3N1CE2CP8EL107930,UberPool,Commuter,3.4388,10.72,11.6,4.6,0
ID902976,WAULD64B92N482597,UberX,Traveler,2.8104,12.16,10.2,4.6,0
ID905501,3VW217AU6FM941911,Uber Black,HFR,3.474,40.43,11.2,4.6,0
ID924632,3D7LP2ET2BG918716,UberX,HFR,3.2492,13.91,10.7,4.6,0
ID8812844,2C3CDYAG3EH507803,Uber Black,Premium,4.244,44.86,12.5,4.7,0
ID862722,WBAUC9C55DV969397,UberX,Social,4.68,9.43,14.6,4.7,0
ID877501,JTEBC3EHXD2611918,Uber Black,Commuter,3.8344,42.56,11.1,4.7,0
ID892657,KNADM4A32D6967201,UberPool,HFR,4.272,,12.3,4.7,0
ID8911800,3D7JB1ET0BG478673,Uber Black,Traveler,3.1792,46.77,10.4,4.7,0
ID883270,1G6DV5EP2E0150174,UberPool,Traveler,3.2892,27.85,9.7,4.7,0
ID883270,WAUGL78E15A882129,UberPool,Traveler,3.2892,27.85,9.7,4.7,0
ID92751,3D73M3CLXBG282158,UberPool,Traveler,2.1052,24.54,14.2,4.7,0
ID904971,WAUAF98E65A736303,UberPool,Commuter,4.016,18.59,12,4.7,0
ID894047,TRUTC28N961794652,UberX,Commuter,4.296,14.6,13.6,4.7,0
ID897137,SAJWJ1CD8F8594571,UberPool,Traveler,3.3224,14.78,11.9,4.7,0
ID924084,JN8AF5MR6ET424477,UberX,Premium,3.3104,13.91,10.9,4.7,0
ID9111843,JN1AY1AR5CM759274,UberPool,Other,3.3748,28.23,11.3,4.8,0
ID91813701,1D4PU2GK4AW990206,Uber Black,HFR,4.3,41.75,10.3,4.8,0
ID897880,4USBU53586L777321,UberPool,HFR,4.028,17.53,12.6,4.8,1
ID912193,JN1CV6EKXFM346105,UberX,Commuter,3.6348,14.03,11.2,4.8,0
ID9013579,1GYS4GEF1DR378214,UberX,HFR,3.0068,13.77,10.4,4.8,0
ID911201,1GD120EG7BF985347,UberX,Social,4.396,9.98,9.6,4.8,0
ID88143502,SCFAB223X2K868548,Uber Black,Traveler,3.9624,40.58,9.7,4.8,1
ID912600,WA1CMAFE1CD479028,Uber Black,Commuter,4.172,39.13,8.7,4.8,0
ID909411,WBAYF8C50FD144945,UberX,Traveler,3.566,,11.8,4.8,0
ID88147202,1N6AF0LX5FN563811,UberX,HFR,3.1612,12.4,10.9,4.8,0
ID869476,JHMZF1D45CS598604,Uber Black,Traveler,4.608,37.53,11.2,4.8,0
ID901011,1G6DA8E55D0324765,Uber Black,Commuter,2.9096,43,11.9,4.8,0
ID907367,2T1BURHE2FC706077,Uber Black,HFR,3.2468,32.28,12.7,4.8,1
ID892399,JN1CV6AP6BM088578,UberX,Traveler,4.06,11.94,12.3,4.8,0
ID911391,1G6DK8EDXB0821246,UberPool,Traveler,4.028,15.62,12,4.9,0
ID912193,1N6AA0EC7DN014696,UberX,Commuter,3.6348,14.03,11.2,4.9,0
ID8910720,3D7TP2CT2BG842871,Uber Black,Social,4.328,42.39,12,4.9,0
ID923780,5N1AA0ND7EN001150,UberX,Other,3.8264,,11.9,4.9,0
ID91813701,1FAHP3E2XCL856389,Uber Black,HFR,4.3,42.75,10.3,4.9,0
ID8510426,WAUDH78E28A382991,UberPool,Traveler,3.9116,14.36,10.3,4.9,0
ID899147,3GYFNDE33DS473521,UberPool,Commuter,4.632,14.96,11.3,4.9,0
ID925292,2T1BU4EE9CC320744,UberX,Other,3.9716,13.66,9.9,4.9,0
ID9010259,JH4NA12685S467381,UberPool,Commuter,4.328,18.59,10.5,5.0,0
ID905520,1GD120EG7BF985347,UberX,Other,4.308,12.83,11.9,5.0,0
ID8910721,WBAPM73569E682740,Uber Black,Premium,2.5716,45.49,10,5.0,0
ID915186,WBAPM77579N048041,UberX,Social,6.536,8.87,12.9,5.0,0
ID89382601,WAUKFAFL8BA268951,Uber Black,HFR,3.0472,33.44,9.7,5.0,0
ID873843,WAUEF98E58A218544,Uber Black,Premium,3.6236,31.57,11.6,5.0,0
ID879523,WAUSH74F67N329255,UberX,Traveler,3.5504,,9.1,5.0,1
ID8812877,5FRYD3H26GB639749,Uber Black,Premium,4.1,,8.7,5.0,1
ID85715,KNDPB3A24D7187752,UberX,Commuter,4.632,,10.4,5.0,1
ID84458202,WAUVFAFH3AN625646,Uber Black,Premium,4.756,45.83,10,5.0,1
ID86135502,1FTEW1CW7AF889174,Uber Black,HFR,3.6116,,6.8,5.0,1
ID842517,SALAG2V62EA219223,Uber Black,Social,3.3896,,5.7,5.0,1
ID849014,3VW517AT2FM407499,UberPool,Social,3.9324,22.15,6,5.0,1
ID864729,1C3CDFDH2FD410356,UberX,Other,4.648,12.67,9.1,5.0,1
ID8611555,2C3CDXFGXFH979890,UberX,Premium,4.252,13.18,1.8,5.0,1
ID842517,1C3CCBHG5CN317981,Uber Black,Social,3.3896,,5.7,5.0,1
ID866083,WA1LMBFE7AD110791,UberX,Traveler,3.7032,13.05,10.2,5.0,1
ID9010018,1YVHZ8BA3A5514405,UberPool,HFR,4.096,25.74,9.2,5.0,1
ID884948,SCBLF44J58C678102,UberX,Premium,4.028,12.34,5.1,5.0,1
ID9010872,JHMZF1C46CS089946,UberX,Other,3.8744,14.29,8.3,5.0,0
ID909220,WBAEB53528C928940,Uber Black,Premium,3.3832,39.49,10,5.0,0
ID901034301,2C3CCADT2CH225409,UberX,HFR,4.036,14.32,13,5.1,0
ID9047,1N6AA0CH0DN620730,UberX,Traveler,3.9516,,10.7,5.1,0
ID924964,WBANB53597C277210,UberPool,Other,4.012,19.59,12.5,5.1,0
ID921385,1N4AL2AP4CN192040,UberX,Premium,3.9936,10.44,11.5,5.1,0
ID90745,1LNHL9DK2EG607764,Uber Black,Premium,3.5204,45.83,12.1,5.1,0
ID924964,YV4902BZ0E1579049,UberPool,Other,4.012,19.59,12.5,5.2,0
ID875093,1G6AV5S82F0045748,UberPool,Other,3.4996,21.41,10.8,5.2,0
ID897880,JTHBL5EF9F5913652,UberPool,HFR,4.028,17.53,12.6,5.2,0
ID904969,19UYA42652A106323,UberX,Premium,3.4728,10.95,11.2,5.2,0
ID917897,5N1AN0NU6CN493784,Uber Black,Premium,3.7968,36.11,12.7,5.2,0
ID897374,1N6AA0ED3FN184792,UberPool,Traveler,3.3252,19.02,11.2,5.2,0
ID864292,1G6AZ5SX9E0119760,Uber Black,Social,4.488,31.19,12.1,5.3,0
ID9110720,KL4CJCSB1EB922549,UberX,HFR,4.12,13.12,11.2,5.3,0
ID911150,1GYS4GKJ8FR523163,UberX,Premium,3.3552,15.34,9.6,5.3,0
ID861853,WA1LGAFE5BD745513,Uber Black,Premium,2.942,43.68,10.5,5.3,0
ID883539,WAUEFAFL6CN089587,Uber Black,Social,3.1704,40.87,11.1,5.3,0
ID9111596,5TDBY5G19BS701309,Uber Black,Social,2.6452,43.54,11.3,5.3,0
ID865468,1C4RDHDGXFC903183,Uber Black,Other,2.846,39.84,10.4,5.3,0
ID88518501,1FTEW1CM5BK836495,UberPool,HFR,3.738,,11.7,5.4,0
ID871001502,WAUSVAFA9AN582293,UberX,Premium,3.762,9.84,13.7,5.4,0
ID8910996,1G6KD57Y51U630857,Uber Black,Social,3.6148,47.44,12.8,5.4,0
ID8910506,JN8AF5MR3ET401125,UberPool,HFR,3.77,16.21,10.8,5.4,0
ID859196,1GYS3UKJXFR520024,UberX,HFR,3.0884,9.86,13.1,5.5,0
ID873586,1G4GF5E33CF020589,Uber Black,Traveler,3.4956,45.52,10.9,5.5,0
ID857343,1G6DL5E35C0483811,Uber Black,HFR,3.4548,31.6,11.5,5.5,0
ID842302,1GKS1EEF8BR973176,UberX,Commuter,4.736,6.38,6.7,5.5,1
ID89813,1FBSS3BL9AD199282,Uber Black,HFR,3.9004,46.97,9.6,5.5,0
ID89864002,WAURD68D82A084911,UberPool,Commuter,4.6,15.45,11.5,5.5,0
ID925311,WUARL48H29K397506,Uber Black,Traveler,2.9796,51.37,11.9,5.6,0
ID904357,2T1BURHE2FC406166,UberX,Commuter,3.6348,13.26,11.5,5.6,0
ID8813129,5YMGZ0C55CL537095,UberPool,Other,3.378,17.02,10.5,5.6,0
ID9011495,3C3CFFAR6CT860640,UberX,Traveler,3.6924,14.02,11.2,5.6,0
ID864685,3GYFNFE32CS539129,UberX,Traveler,3.9072,10.45,11.3,5.6,0
ID873357,3C4PDCEG4FT536813,Uber Black,Commuter,2.5004,37.22,10.8,5.6,0
ID88147101,19UUA9F73EA242601,UberX,Premium,4.212,11.46,12.3,5.6,0
ID907367,SALWR2VF5FA422057,Uber Black,HFR,3.2468,33.28,12.7,5.6,0
ID8911800,WAUVC68E73A269284,Uber Black,Traveler,3.1792,48.77,10.4,5.6,0
ID914333,1GYUKHEF7AR718661,UberX,Traveler,3.8348,8.17,9.4,5.6,0
ID9112085,WAUBF98E68A445955,UberPool,Other,3.698,30.72,10.4,5.7,0
ID8711003,2T1BURHEXEC649657,UberPool,Social,3.4616,17.94,11.2,5.7,0
ID9010877,3D73Y3CL9AG148972,UberX,Premium,3.1748,12.95,10.5,5.7,0
ID918192,WAUPFAFM9AA564946,UberX,Social,4.992,9.17,10,5.7,0
ID912558,1FMJK1H56EE458200,Uber Black,Traveler,3.98,46.08,10.2,5.7,1
ID922576,1FTWX3B51AE254740,Uber Black,Social,3.6984,33.23,10.3,5.7,0
ID899187,JN8AZ2KR4DT814596,UberPool,HFR,3.0244,17.07,11.6,5.8,0
ID909777,1B3CC4FB9AN490433,Uber Black,Other,3.2568,35.32,12.3,5.8,0
ID925292,WBAYP1C59FD075869,UberX,Other,3.9716,13.66,9.9,5.8,0
ID8510426,3C63D3JL5CG979954,UberPool,Traveler,3.9116,14.36,10.3,5.8,0
ID872608,1FTFW1E8XAK433793,UberPool,HFR,3.8796,18.06,12.5,5.8,0
ID921386,WBADX7C50BE034228,UberPool,Social,3.5348,24.99,9.4,5.8,0
ID906024,2C3CDXHG0DH219347,Uber Black,Traveler,3.514,43.21,10.9,5.8,0
ID87930,1FTNF2A54AE733910,Uber Black,Premium,3.986,38.18,10.9,5.8,0
ID864685,1FTMF1E89AF898808,UberX,Traveler,3.9072,10.65,11.3,5.9,0
ID91903901,3C4PDDBGXDT323792,Uber Black,Commuter,4.064,42.02,11.5,5.9,0
ID86408,1GKUKGEJ0AR529715,Uber Black,Other,3.9732,,10.8,5.9,0
ID906539,19UUA76697A482038,UberPool,HFR,3.4184,19.04,11.6,5.9,0
ID91805,WBAVA33528F126765,UberPool,Commuter,4.144,13.1,13.5,5.9,0
ID86409,WBA3V9C56F5563282,Uber Black,Commuter,3.1348,30.65,9.2,6.0,0
ID9110944,5GAEV13D59J067861,Uber Black,Other,3.6716,41.15,9.4,6.0,0
ID9010333,19UUA9E52CA807563,UberX,Social,3.3172,11.49,13.3,6.0,0
ID892399,1N6AA0CC2EN898213,UberX,Traveler,4.06,11.94,12.3,6.0,0
ID875099,1FTMF1EW8AK470699,Uber Black,Other,2.78,31.22,12.9,6.0,0
ID886226,3D73M3HL6BG525036,UberPool,HFR,4.14,19.33,6.3,6.0,1
ID911157302,1N4AL2AP4CN192040,UberPool,Other,3.8736,20.52,5.2,6.0,1
ID8670,SALFR2BN7CH056892,Uber Black,Premium,4.368,42.83,8.8,6.0,1
ID866674,JN1AZ4EH9FM778821,Uber Black,Commuter,4.06,41.12,6,6.0,1
ID903507,2T1BU4EE3BC558586,UberX,HFR,4.64,15.97,8.8,6.0,1
ID855138,WDDEJ7EBXBA296511,UberX,Traveler,4.064,9.9,10.2,6.0,1
ID879523,WAULFAFH3DN240244,UberX,Traveler,3.5504,,9.1,6.0,1
ID87281702,WAUPEAFM5AA183694,UberPool,Social,3.9324,20.11,8.1,6.0,1
ID90602302,WBA3X9C58FD494353,Uber Black,Social,4.48,35.08,8.7,6.0,1
ID859575,WAUEF78E57A582434,Uber Black,Commuter,3.6036,37.31,6.6,6.0,1
ID86135502,1FTWF3D54AE391686,Uber Black,HFR,3.6116,,6.8,6.0,1
ID854039,2D4RN1AG6BR209023,UberX,Premium,4.16,13.88,8.3,6.0,1
ID862028,WAUKF98E16A186983,UberX,Social,4.156,15.83,9,6.0,1
ID862028,WAUBVAFB6AN664863,UberX,Social,4.156,15.83,9,6.0,1
ID9111805,1VWAH7A30CC483052,UberX,Traveler,4.128,13.33,6.2,6.0,1
ID855138,KNAFT4A21A5338775,UberX,Traveler,4.064,9.9,10.2,6.0,1
ID916799,1FTEX1E80AK633820,UberX,Traveler,4.272,9.47,6.9,6.0,1
ID892438,KNADM5A34E6487362,Uber Black,Premium,4.6,34.94,6,6.0,1
ID87164,1G6AP5SX6E0804790,UberX,Traveler,5.028,7.89,8.7,6.0,1
ID866083,19XFB4F25FE387214,UberX,Traveler,3.7032,13.05,10.2,6.0,1
ID9010018,WUAPV54B43N522696,UberPool,HFR,4.096,25.74,9.2,6.0,1
ID916799,5FNYF3H38FB451544,UberX,Traveler,4.272,9.47,6.9,6.0,1
ID8611555,1GYS4MKJ6FR295159,UberX,Premium,4.252,13.18,1.8,6.0,1
ID8610629,1FTEX1EW2AF250145,UberPool,Traveler,5.164,10.94,10.2,6.0,0
ID857374,WAUAC48H93K555323,UberPool,Social,3.3044,18.24,11.4,6.0,0
ID86211,1FTEW1E85AF602963,UberPool,HFR,4.18,17.84,11.2,6.0,0
ID922297,1N6AD0CU2EN948446,UberX,HFR,3.8312,9.84,10,6.1,0
ID859471,WAUAKAFB7BN206349,Uber Black,Premium,4.264,41,13.1,6.1,0
ID89143602,JTDJTUD36ED607642,Uber Black,Traveler,3.5028,38.73,9.4,6.1,0
ID8911230,WBA3T7C58F5889255,Uber Black,Commuter,3.7516,39.37,11.8,6.1,0
ID88199202,1FMJU1F58AE302621,UberX,HFR,2.7532,13.64,11.8,6.1,0
ID915940,WAUSH78E77A395709,UberX,Traveler,3.9328,9.66,9.6,6.1,0
ID909220,5UXZV4C58BL116702,Uber Black,Premium,3.3832,45.49,10,6.1,0
ID859471,5N1AR1NB3CC876490,Uber Black,Premium,4.264,35,13.1,6.2,0
ID90317302,WAUVC58E93A824343,Uber Black,Premium,3.9984,30.2,12.4,6.2,0
ID911320501,WAUSF98E17A686787,UberPool,Other,3.4032,18.36,11.6,6.2,0
ID921386,YV1672MK7C2053830,UberPool,Social,3.5348,24.99,9.4,6.2,0
ID914101,5N1CL0MM4EC495077,UberX,HFR,2.9488,8.83,11.1,6.3,0
ID90745,WAUSF98E28A147516,Uber Black,Premium,3.5204,49.83,12.1,6.3,0
ID8712853,5GAKVAEDXCJ304352,UberPool,Other,3.942,16.95,9.4,6.3,1
ID9112712,JTJBARBZ8F2949523,Uber Black,HFR,3.1936,42.2,12.8,6.3,0
ID88147202,3N1BC1AP0BL938526,UberX,HFR,3.1612,12.54,10.9,6.3,0
ID891923,4JGBF2FE8CA518521,Uber Black,Other,3.6792,37.52,10.2,6.3,0
ID911384,WAUDH74F88N162861,UberPool,Other,3.2392,14.93,9.4,6.3,0
ID9113778,JN8AZ2KR4DT814596,UberPool,HFR,3.5784,,12.9,6.4,1
ID8910748,WAUEF78E76A400862,Uber Black,Premium,3.9336,37.54,11.8,6.4,0
ID906564,JH4CU2F85DC554454,Uber Black,HFR,4.124,36.97,9.2,6.4,0
ID91544001,5XXGM4A79CG637252,UberPool,HFR,4.384,20.04,11.1,6.4,0
ID857373,1G6DG5EY5B0484892,Uber Black,Social,3.074,47.56,10.3,6.4,0
ID9110720,KMHTC6AD5EU997372,UberX,HFR,4.12,13.12,11.2,6.4,0
ID90251,WBA3B5G58DN366848,Uber Black,Commuter,4.168,37.44,10.9,6.4,0
ID902975,4JGDF2EE6FA507516,UberPool,Traveler,3.2432,14.09,11.1,6.4,1
ID863031,WBAVB73597V490206,UberX,Social,4.568,14.33,11.5,6.4,0
ID913512,19XFB2E26CE072696,UberPool,HFR,4.512,16.17,11.5,6.4,0
ID8711216,WAUMF98P86A721902,UberPool,Commuter,2.978,19.46,8.2,6.5,0
ID859711,WAUXL58E14A844564,UberPool,Traveler,3.9132,14.64,13.1,6.5,0
ID864726,1N6AA0CC5AN133331,UberPool,Social,3.7848,,13.1,6.5,0
ID91813702,1N4AL2AP5BC039371,Uber Black,Premium,3.6012,45.31,11.1,6.5,0
ID922577,WDDEJ7EBXBA296511,UberX,Commuter,3.7736,12.35,12.5,6.5,1
ID86973702,5J8TB3H79GL209600,UberPool,Traveler,3.988,15.18,9.6,6.5,0
ID922296,WBAFR1C51BD386885,UberPool,Traveler,3.4684,28.06,10.5,6.5,0
ID859464,W04GS5EC5B1681496,Uber Black,Commuter,4.176,32.01,13,6.5,0
ID8611161,1G6YV36A475482803,Uber Black,Traveler,4.312,41.61,10.4,6.5,0
ID87930,WA1BY74L79D560712,Uber Black,Premium,3.986,37.18,10.9,6.5,0
ID857156,5N1AA0NC3CN374982,UberPool,Social,3.5008,22.3,10.3,6.6,0
ID9010877,WA1CMAFE1CD479028,UberX,Premium,3.1748,12.95,10.5,6.6,0
ID91813702,1GD21ZCGXDZ146552,Uber Black,Premium,3.6012,33.31,11.1,6.6,0
ID925277,1G6DG5EY5B0484892,Uber Black,Traveler,3.3892,43.68,9.4,6.6,0
ID85713702,1GD220CG1CZ251598,UberPool,Other,3.44,16.84,13.8,6.6,0
ID911366,JM1CW2BL4D0289386,Uber Black,Premium,4.7,38.18,11.4,6.6,0
ID865432,WAULT58E33A788415,Uber Black,Traveler,4.404,44.01,9.6,6.7,0
ID892657,WBXPC9C40AW105549,UberPool,HFR,4.272,,12.3,6.7,0
ID904971,WAUWGBFC0EN099008,UberPool,Commuter,4.016,18.59,12,6.7,0
ID8612080,1GYUKHEF0AR472746,Uber Black,Premium,3.8892,40.8,11.3,6.7,0
ID91544001,KNADM5A39D6638923,UberPool,HFR,4.384,20.04,11.1,6.7,0
ID868871,5N1CL0MM8EC961402,Uber Black,Commuter,4.656,31.56,11.7,6.7,0
ID896864,3GYFNDE32ES884653,Uber Black,Premium,3.8316,34.25,10.5,6.8,0
ID891716,1FMJK1H59CE195505,Uber Black,Traveler,3.8668,36.7,10.8,6.8,0
ID915452,SCFEBBBK5DG296240,UberPool,HFR,3.7708,15.7,8.5,6.8,0
ID869254,5N1AZ2MG6FN631825,UberX,Commuter,3.1172,10.97,12.2,6.8,0
ID857155,1FMHK7B81BG268650,UberPool,Other,4.124,14.63,11.2,6.8,0
ID90401602,2B3CJ7DJ9BH837447,UberX,Premium,3.2176,13.46,10.7,6.9,0
ID8912909,1G6DA1E35D0554456,Uber Black,Premium,3.442,35.29,11.2,6.9,1
ID884448,1FMJK1FT2FE427528,Uber Black,Other,2.886,50.2,10.6,6.9,0
ID894089,WAUFFAFC9EN881675,Uber Black,Premium,3.4044,43.52,11.1,6.9,0
ID911654,3C6JD7BP3CG560422,UberX,Traveler,3.5724,9.32,9.8,6.9,0
ID8913049,WBS3C9C50FJ821546,UberPool,Social,3.208,19.96,11.6,6.9,0
ID871642,WAUHFAFLXBN892527,Uber Black,Premium,3.5168,44.11,12.3,6.9,0
ID875093,WBAKF5C55CE441767,UberPool,Other,3.4996,21.41,10.8,7.0,0
ID901303,1YVHZ8BAXA5015116,UberPool,Commuter,3.952,16.07,8.4,7.0,1
ID8510824,2C3CDXDT2EH887090,UberX,Traveler,4.096,8.44,13,7.0,1
ID89869,WAUWFAFL8BA611517,UberX,Other,3.55,10.74,9.5,7.0,1
ID904357,JH4CU2E64BC478982,UberX,Commuter,3.6348,13.26,11.5,7.0,1
ID874158,1FTSW3A56AE067836,Uber Black,Commuter,3.7068,33.97,12.6,7.0,0
ID88466802,JH4KB2F64CC608020,UberX,Other,3.8628,13.46,12.2,7.0,1
ID862722,SCFFDABE5CG518289,UberX,Social,4.68,9.43,14.6,7.0,1
ID9010333,JM3TB2BA8E0928405,UberX,Social,3.3172,11.49,13.3,7.1,1
ID865137,TRUTC28N131282606,UberX,Premium,3.7492,6.82,11.7,7.1,0
ID893548,KNDJT2A25D7022516,Uber Black,Social,3.3408,31.7,10.7,7.1,0
ID874839,WAUR2AFD6DN882962,Uber Black,Other,3.232,43.76,11.1,7.1,0
ID917092,1N6AA0CC5AN133331,Uber Black,Premium,5.484,42.82,13,7.1,0
ID884689,WAUHFAFL5BN996505,UberPool,Social,4.052,,11.6,7.1,1
ID87139402,4T1BD1FK3FU731059,Uber Black,Premium,4.112,35.53,11.1,7.1,1
ID913512,WBA3X9C52FD765634,UberPool,HFR,4.512,16.17,11.5,7.1,0
ID898143,1G4HP52K94U764658,UberPool,Other,3.3924,16.84,12.8,7.1,0
ID872113,WBALZ5C51CC740602,Uber Black,Premium,3.6552,34.53,13.6,7.1,0
ID8910499,SCBLE47K68C902615,UberX,Traveler,3.1824,10.93,10.3,7.1,0
ID858970,JH4CL96886C754968,Uber Black,Other,4.536,39.81,12.5,7.2,0
ID869476,WAUEFAFL5AN461854,Uber Black,Traveler,4.608,35.53,11.2,7.2,0
ID862965,4USBT53534L208361,UberX,Commuter,3.2052,9.06,11.3,7.2,0
ID923465,WBAYP1C59FD075869,UberPool,Commuter,3.2768,24.21,12.1,7.2,0
ID91805,WDDHF7GB2EB845788,UberPool,Commuter,4.144,13.1,13.5,7.2,0
ID88199202,VNKKTUD34FA739359,UberX,HFR,2.7532,13.64,11.8,7.2,0
ID8612080,1YVHZ8BAXA5166862,Uber Black,Premium,3.8892,34.8,11.3,7.3,0
ID864018,1G6DM57T260709737,Uber Black,Traveler,3.5036,43.26,11.8,7.3,0
ID861853,WBA8Z5C52FD550666,Uber Black,Premium,2.942,36.68,10.5,7.3,0
ID884437,JM3ER2A53B0486315,Uber Black,HFR,4.28,29.86,12.3,7.3,0
ID9012568,WAUYGAFC2DN204150,UberPool,HFR,3.1852,13.21,9.2,7.3,0
ID9113778,3D73M4CL8BG695718,UberPool,HFR,3.5784,,12.9,7.3,0
ID9010259,WAUWGAFC0DN956629,UberPool,Commuter,4.328,18.59,10.5,7.3,0
ID924934,1FMHK7B81BG268650,Uber Black,Social,3.612,43.61,12.4,7.3,0
ID911320501,2C3CA4CD8AH258994,UberPool,Other,3.4032,18.36,11.6,7.3,0
ID872113,5GADX23LX5D032809,Uber Black,Premium,3.6552,44.53,13.6,7.4,0
ID897374,WDDNG9FB7DA742819,UberPool,Traveler,3.3252,19.02,11.2,7.4,0
ID857373,WBA3N7C56EK096126,Uber Black,Social,3.074,41.56,10.3,7.4,0
ID884626,1FTWX3A50AE526986,UberX,Other,3.504,10.11,10.5,7.4,0
ID858970,3N1AB6AP4AL734483,Uber Black,Other,4.536,39.81,12.5,7.4,0
ID914862,KNADM4A32D6967201,UberPool,HFR,3.9532,16.74,9.1,7.4,0
ID915276,WAUZL64B71N465941,Uber Black,Premium,5.02,41.74,12.6,7.4,0
ID866458,WBASN4C53AC702321,Uber Black,Traveler,4.6,48.81,9,7.4,0
ID897132,WVWAN7AN7EE754791,UberX,Traveler,4.216,15.86,11.8,7.4,1
ID9010258,JN1CV6FE9AM311038,UberPool,Commuter,3.504,19.07,10.8,7.4,0
ID906290,1FTEX1C83AF176657,UberPool,Social,4.072,21.41,11.9,7.4,0
ID916221,WBAWB73537P977121,UberX,Premium,4.196,14.61,11.7,7.5,1
ID91903901,WBA5B1C50ED474850,Uber Black,Commuter,4.064,34.02,11.5,7.5,0
ID908469,3VW517AT2FM407499,UberX,Social,3.5696,12.94,9.5,7.5,1
ID87127,1G6AC1RX4F0827691,UberX,Premium,3.8376,5.71,12.1,7.5,0
ID873357,JN8AZ2KR7ET945989,Uber Black,Commuter,2.5004,35.22,10.8,7.5,0
ID879804,KMHTC6ADXFU572036,Uber Black,Premium,4.356,35,12.7,7.5,0
ID9010598,WAUEKBFB0AN233608,UberX,Other,3.8704,14.84,10.8,7.5,0
ID895299,WA1BY94L57D530732,UberPool,Commuter,3.0732,17.93,11.4,7.5,0
ID893526,WP0CB2A84FK634643,UberPool,Other,2.9504,12.71,10.4,7.5,1
ID884437,JH4CU2E84DC473057,Uber Black,HFR,4.28,31.86,12.3,7.5,0
ID90401601,WBAEV33422P663505,Uber Black,Premium,4.236,32.08,10.2,7.5,0
ID901011,2HNYD186X1H401276,Uber Black,Commuter,2.9096,31,11.9,7.6,0
ID857156,YV4902BZ0E1579049,UberPool,Social,3.5008,22.3,10.3,7.6,0
ID904689,WBAYG0C54DD876023,UberX,Premium,2.9404,14.29,10.6,7.6,0
ID88249602,1FTSE3EL4AD824587,Uber Black,Social,3.628,46.25,10,7.6,0
ID907409,3D73Y3CL8BG596184,UberPool,Traveler,3.9264,14.98,12.3,7.6,1
ID915452,1G6DX6EDXB0715241,UberPool,HFR,3.7708,15.7,8.5,7.7,1
ID879804,3D7TT2CT1BG162973,Uber Black,Premium,4.356,41,12.7,7.7,0
ID8912521,WBANV13519C386294,UberPool,Other,3.3572,18.4,11,7.7,0
ID871642,WAUGL98EX8A129473,Uber Black,Premium,3.5168,36.11,12.3,7.7,0
ID874373,KNAFX6A84F5753830,UberX,Commuter,3.9096,13.19,11.5,7.7,0
ID91376702,1FMJK1H59CE195505,UberPool,Commuter,3.1352,13.23,7.5,7.7,0
ID86211,1GYS4CEF1ER761838,UberPool,HFR,4.18,17.84,11.2,7.7,0
ID9010258,3CZRE3H57BG528332,UberPool,Commuter,3.504,19.07,10.8,7.7,0
ID859464,1D7RV1CP1BS048160,Uber Black,Commuter,4.176,36.01,13,7.7,0
ID898677,WDDGF4HB1DF083439,Uber Black,HFR,3.9528,45.59,12.4,7.7,0
ID8811523,1G6DH8EG3A0881005,UberX,Commuter,3.7452,14.35,11.3,7.7,0
ID88466802,2B3CK4CV0AH923325,UberX,Other,3.8628,13.46,12.2,7.7,0
ID894604,TRUB3AFK3D1517376,UberX,Other,4.244,12.18,12.3,7.7,0
ID8912055,19XFB2F29CE489972,UberPool,Social,3.1252,,11.6,7.8,0
ID874158,3VW8S7AT5FM735669,Uber Black,Commuter,3.7068,35.97,12.6,7.8,0
ID89296,WAULT54B04N062985,UberX,Premium,3.5412,14.16,11.6,7.8,0
ID91789,3C6TD5MT1CG025628,Uber Black,Social,3.4044,,11.9,7.9,0
ID9013005,JTHBE5C23A5080434,Uber Black,Social,3.3208,45.21,10.2,7.9,0
ID9112712,5NPDH4AE8FH197703,Uber Black,HFR,3.1936,,12.8,7.9,0
ID911685,19UUA9E52CA807563,UberX,Premium,4.184,10.59,11.6,7.9,0
ID89143602,WA1LFBFP1CA385265,Uber Black,Traveler,3.5028,35.73,9.4,7.9,0
ID874839,1FMJK1H53DE696911,Uber Black,Other,3.232,40.76,11.1,7.9,0
ID8912909,1G4HP54K05U496761,Uber Black,Premium,3.442,43.29,11.2,8.0,0
ID89827,1GYS3KEF0ER364084,Uber Black,Social,4.132,42.84,11.9,8.0,0
ID899147,JM1CW2BL4D0289386,UberPool,Commuter,4.632,14.96,11.3,8.0,0
ID918192,1C4RDHDGXFC903183,UberX,Social,4.992,9.17,10,8.0,0
ID905557,WBA1J7C59FV500507,UberX,Other,3.406,,9.2,8.0,1
ID90769602,4JGBB9FB5AA524140,UberPool,Traveler,3.1584,17.67,10.9,8.0,0
ID8810158,3D7TT2CT0BG725253,UberX,Commuter,4.008,11.7,10.3,8.0,0
ID903483,1FMHK7B80BG817769,UberPool,Other,4.156,16.84,13.5,8.0,0
ID924632,WBAWV13508P474314,UberX,HFR,3.2492,13.91,10.7,8.0,0
ID865432,1N4AL2AP5BC039371,Uber Black,Traveler,4.404,34.01,9.6,8.0,0
ID88143502,3FADP4AJ1DM280290,Uber Black,Traveler,3.9624,34.58,9.7,8.0,0
ID897132,WBAAZ33495K835078,UberX,Traveler,4.216,15.86,11.8,8.1,0
ID905539,SCBZB25E62C080930,UberX,Other,3.1876,10.76,13,8.1,0
ID857374,2G4GU5GV1C9071263,UberPool,Social,3.3044,18.24,11.4,8.1,0
ID884448,2D4RN4DE5AR839934,Uber Black,Other,2.886,42.2,10.6,8.1,0
ID865468,WAUBGAFB7AN271724,Uber Black,Other,2.846,41.81,10.4,8.1,0
ID905539,WBADS43401G304694,UberX,Other,3.1876,,13,8.1,0
ID911366,1N6AD0CW5EN534322,Uber Black,Premium,4.7,37.18,11.4,8.1,0
ID925291,WA1AY74L09D766076,UberPool,Traveler,3.7044,23.93,11.5,8.1,0
ID914101,JH4NA21655S709244,UberX,HFR,2.9488,8.83,11.1,8.1,0
ID923748,5N1AA0ND0FN388397,UberX,HFR,2.9724,10.23,12.1,8.2,0
ID917897,1FTWF3B56AE865348,Uber Black,Premium,3.7968,44.11,12.7,8.2,0
ID8811523,5UXZV4C54D0674342,UberX,Commuter,3.7452,14.35,11.3,8.2,0
ID8610175,2C3CDYCJ8EH255023,UberPool,Commuter,3.6688,16.52,11.1,8.2,0
ID857438,1G6DP8ED7B0543780,UberPool,Other,3.6224,22.02,9.3,8.2,1
ID918465,5TFCW5F13CX849334,UberX,Commuter,4.4,9.44,11.2,8.2,0
ID864496,1GYFK63838R100491,UberX,Commuter,4.6,11.83,13.4,8.2,0
ID901836,1C3CDFAA2ED660931,Uber Black,Social,3.1948,35.84,11.9,8.2,0
ID868682,WAUKH98E28A297586,Uber Black,Other,3.8556,32.28,11.7,8.2,0
ID8812816,3C6JD6DT2CG836092,UberX,HFR,3.8584,9.16,10.2,8.2,0
ID8812818,1FTEW1E89AK843092,Uber Black,Social,4.204,37.74,10.1,8.2,0
ID9113816,1C4SDHCT3EC767168,Uber Black,Other,3.5008,41.14,11.3,8.2,0
ID8912055,1G4GC5GC3BF161621,UberPool,Social,3.1252,,11.6,8.2,0
ID8910251,YV1902MD9F1415928,Uber Black,Social,3.8752,,12.1,8.3,0
ID902727,1D7RE3GK6BS310698,Uber Black,HFR,3.3452,41.66,10.4,8.3,0
ID8911163,3GYFNGE34CS232048,UberPool,Commuter,3.542,24.48,7.5,8.3,1
ID8911163,1GD11XEG0FF494183,UberPool,Commuter,3.542,24.48,7.5,8.3,1
ID8510653,2C4RDGCG6DR554944,Uber Black,Premium,4.3,38.04,10.4,8.3,0
ID89511502,2HNYD18274H895453,UberPool,Social,4.112,,10.9,8.3,1
ID873586,3C3CFFFH3CT446778,Uber Black,Traveler,3.4956,41.52,10.9,8.3,0
ID914580,WVWAB7AJ9DW442289,UberX,Traveler,3.5712,,11,8.3,0
ID858981,WBANB53526C785503,UberPool,Commuter,4.972,20.98,13.5,8.4,0
ID921092,1N6AF0LX2FN571767,Uber Black,Social,3.2392,50.49,14.2,8.4,0
ID89511502,1FTEX1CM7DK437832,UberPool,Social,4.112,,10.9,8.4,0
ID905557,19XFA1F30AE206846,UberX,Other,3.406,,9.2,8.4,0
ID90401602,YV1952AS5D1254401,UberX,Premium,3.2176,13.46,10.7,8.4,0
ID90291,WAUVC68E42A425473,Uber Black,Premium,3.4728,43.29,9.6,8.4,1
ID90291,KMHCT4AE1FU647980,Uber Black,Premium,3.4728,35.29,9.6,8.4,1
ID923465,WAURV78T89A908748,UberPool,Commuter,3.2768,24.21,12.1,8.4,0
ID8811779,WDDEJ7EB0BA933924,UberX,Traveler,3.2216,,12.5,8.4,0
ID905189,WAU3GAFR4DA558161,UberPool,Social,3.798,,8.6,8.4,0
ID861648,WBSBR934X5P902860,UberPool,Traveler,3.5896,24.02,9.5,8.4,0
ID90251,WAUAF98E36A001974,Uber Black,Commuter,4.168,41.44,10.9,8.4,0
ID864018,SCBET9ZA5F8222902,Uber Black,Traveler,3.5036,31.26,11.8,8.5,0
ID871001501,WAUEL74F55N615705,UberPool,Commuter,4.54,20.78,10.6,8.5,0
ID911685,SCFEDEAN5CG697809,UberX,Premium,4.184,10.59,11.6,8.5,0
ID905680,WBA3C1C55CF772929,UberPool,HFR,3.328,29.81,9.3,8.5,1
ID913535,W06VR54R11R889083,UberX,HFR,2.9988,7.79,8.3,8.5,1
ID913535,4T3BA3BB7EU566424,UberX,HFR,2.9988,7.79,8.3,8.5,1
ID862717,WAUJC68E35A722138,Uber Black,Premium,3.7952,48.98,10.2,8.5,1
ID90769602,2HNYD18224H923983,UberPool,Traveler,3.1584,17.67,10.9,8.5,0
ID874373,WAUFFAFM3BA196194,UberX,Commuter,3.9096,13.19,11.5,8.5,0
ID861103,WAUAC68D61A604876,UberX,Commuter,4.408,9.98,11.6,8.5,0
ID903554,1C4RDJAG6FC143104,UberX,Social,4.116,13.72,11.2,8.6,0
ID898678,ZHWGU6BZ5CL742714,UberX,Commuter,3.3544,,11.3,8.6,0
ID884689,1D7CW5GK0AS459489,UberPool,Social,4.052,,11.6,8.6,0
ID894090,1N4AL3AP1DC486420,UberX,Premium,3.0936,10.08,11.3,8.6,0
ID905680,JH4DC53873S638082,UberPool,HFR,3.328,29.81,9.3,8.6,1
ID855167,1C3CCBCB2CN438785,UberX,Traveler,3.2648,10.7,10.4,8.6,1
ID855167,4JGBF2FE9BA362830,UberX,Traveler,3.2648,10.7,10.4,8.6,1
ID87163,1N6AA0CA5EN487578,UberPool,Other,3.6192,19.63,10.4,8.6,1
ID87163,4T1BF1FK5EU040804,UberPool,Other,3.6192,19.63,10.4,8.6,1
ID864033,JTHBE1D29F5657398,UberX,Premium,4.148,12.99,12.7,8.6,0
ID924342,1GD220CG1CZ251598,UberPool,Social,3.696,21.94,13.1,8.6,0
ID8910506,1G6AC5SXXE0239410,UberPool,HFR,3.77,16.21,10.8,8.6,0
ID848406,WBA5A5C53ED659453,Uber Black,HFR,3.9468,44.13,9.5,8.7,1
ID848406,4USCK734X2L011727,Uber Black,HFR,3.9468,33.13,9.5,8.7,1
ID874217,JN8CS1MU0FM628995,UberX,Premium,3.4352,14.58,7.1,8.7,1
ID866458,5J8TB18548A532873,Uber Black,Traveler,4.6,45.84,9,8.7,0
ID8811779,JH4DC53056S352956,UberX,Traveler,3.2216,,12.5,8.7,0
ID9112366,JH4DC53873S638082,Uber Black,Commuter,3.7428,43.29,11.5,8.7,0
ID894855,3C4PDCEGXET202235,Uber Black,Premium,4.536,35.53,10.7,8.8,0
ID925236,3D73M3CLXBG282158,UberPool,Social,3.2492,27.88,13.1,8.8,0
ID8812816,WAUGGAFR0EA255929,UberX,HFR,3.8584,9.16,10.2,8.8,0
ID911320502,55SWF4JB4FU143610,Uber Black,Commuter,2.9864,42.22,10.6,8.8,0
ID8911164,JN1CV6EK2BM532926,Uber Black,Social,4.9,48.09,11.4,8.8,0
ID90401601,WBABS53411E394852,Uber Black,Premium,4.236,38.08,10.2,8.8,0
ID857438,WAUAC68D51A482575,UberPool,Other,3.6224,22.02,9.3,8.8,1
ID874217,WBABS334X3J574281,UberX,Premium,3.4352,14.58,7.1,8.8,1
ID898143,1FTWX3B56AE342912,UberPool,Other,3.3924,16.84,12.8,8.8,0
ID8711002,1FTWF3C59AE941787,Uber Black,Other,3.7536,47.22,10.5,8.8,0
ID868223,1G4GB5ER3CF913992,UberX,Social,4.204,12.67,11.5,8.8,0
ID89511501,1G4HP54K634724193,Uber Black,Commuter,3.4692,38.13,11.2,8.8,0
ID862980,KNDJT2A53D7882554,Uber Black,Traveler,4.02,34.4,12.6,8.9,0
ID893988,WAUAF78E58A299547,UberPool,Commuter,3.4388,10.72,11.6,8.9,0
ID901836,19VDE1F75FE068512,Uber Black,Social,3.1948,37.84,11.9,8.9,0
ID917896,WAUFMAFC4EN407672,Uber Black,Premium,3.9664,40.19,10.1,8.9,0
ID924342,TRUUT28NX51225408,UberPool,Social,3.696,21.94,13.1,9.0,0
ID855133,WA1MYAFE6AD651754,UberX,Other,3.7548,13.43,9.4,9.0,1
ID855133,1FTSW3B55AE123067,UberX,Other,3.7548,13.43,9.4,9.0,1
ID8911834,3LNHL2GC9BR703763,UberPool,Traveler,3.8064,15.18,10.1,9.0,0
ID908916,2C4RDGCG6DR554944,Uber Black,Premium,3.6544,44.25,10.7,9.0,0
ID891923,SCBGR3ZA8CC090036,Uber Black,Other,3.6792,40.52,10.2,9.0,0
ID864033,5UXKS4C50E0100171,UberX,Premium,4.148,12.99,12.7,9.1,0
ID905190,JM1NC2NF6E0121080,UberX,Commuter,3.0204,10.16,10.7,9.1,0
ID88411702,5TDDK3DC2ES407369,UberPool,Social,3.2172,23.77,10.1,9.1,0
ID9113239,WAUEKBFB8AN192032,UberX,Traveler,3.3136,7.28,10.3,9.1,0
ID923748,WUARL48H29K397506,UberX,HFR,2.9724,10.23,12.1,9.1,0
ID893061,KMHHT6KD6AU432434,UberX,Premium,2.9896,12.82,11.6,9.1,0
ID893526,KM8JT3AB8DU020732,UberPool,Other,2.9504,12.71,10.4,9.1,0
ID861648,WAUVC58E55A552487,UberPool,Traveler,3.5896,24.02,9.5,9.1,0
ID8910720,1FT7W2A66EE994432,Uber Black,Social,4.328,34.39,12,9.2,0
ID905520,WAUKFAFL1EA170753,UberX,Other,4.308,12.83,11.9,9.2,0
ID894090,WAUGL78E18A609812,UberX,Premium,3.0936,10.08,11.3,9.2,0
ID859465,2C3CA3CV9AH518628,Uber Black,HFR,3.2556,34.04,11.8,9.3,0
ID854941,1N6AD0CU2EN948446,Uber Black,Commuter,3.5932,29.42,10.7,9.3,0
ID8912521,1GYFK23249R779984,UberPool,Other,3.3572,18.4,11,9.3,0
ID8810436,WBAUL7C55DV860622,Uber Black,Premium,3.2728,33.31,9.2,9.3,0
ID915186,JN1AZ4FHXFM430184,UberX,Social,6.536,8.87,12.9,9.3,0
ID864726,SAJWA4FB0CL464949,UberPool,Social,3.7848,,13.1,9.3,0
ID901315,1ZVBP8JS8C5480022,UberX,Commuter,3.6292,8.35,12,9.4,0
ID925236,WAUDH98E77A271668,UberPool,Social,3.2492,27.88,13.1,9.4,0
ID8913,2FMHK6CT3AB067061,UberPool,Social,2.782,,10.8,9.4,0
ID87106,1G6DW677360996024,UberX,HFR,3.9016,9.08,11.9,9.4,0
ID89143601,5N1AZ2MG3FN844814,UberX,Commuter,3.4852,,11.8,9.4,0
ID89143601,3C63DPGL1CG244077,UberX,Commuter,3.4852,,11.8,9.4,0
ID892214,3N6CM0KN2DK751090,Uber Black,Other,2.6304,31.17,9.9,9.4,0
ID892214,1GYUKHEF7AR718661,Uber Black,Other,2.6304,30.17,9.9,9.4,0
ID9112367,SCBDP3ZA3AC653760,Uber Black,Premium,3.5164,37.25,10.6,9.4,0
ID868999,WBAPH7C52BA186772,UberPool,Social,3.7,11.97,12.9,9.4,0
ID907145,1VWAS7A33FC743093,UberX,HFR,4.3,15.12,12.8,9.4,0
ID90944601,1GKS2FEJ7DR717539,Uber Black,Premium,3.5268,40.29,10.2,9.5,0
ID85713702,JN1AZ4EH6EM495226,UberPool,Other,3.44,16.84,13.8,9.5,0
ID89869,WAULVBFR4CA180448,UberX,Other,3.55,10.74,9.5,9.5,0
ID9112367,WAUXL58EX5A713134,Uber Black,Premium,3.5164,35.25,10.6,9.5,0
ID9112594,WAUDH78E97A583981,UberPool,Traveler,3.3476,25.13,10.7,9.5,0
ID889403,WAULT54BX3N882084,Uber Black,Other,3.136,36.38,9,9.5,1
ID92751,JA32X2HUXBU141045,UberPool,Traveler,2.1052,24.54,14.2,9.5,0
ID86561,JN1CV6FE9CM004472,UberX,HFR,3.514,13.21,10.2,9.5,0
ID9113239,WVGEP9BPXFD633781,UberX,Traveler,3.3136,7.28,10.3,9.5,0
ID911320502,WP1AA2A23EL474555,Uber Black,Commuter,2.9864,34.22,10.6,9.6,0
ID8810528,WAUJC68E32A034331,Uber Black,Premium,3.5484,35.18,11.4,9.6,0
ID925311,WBAVA335X7K149684,Uber Black,Traveler,2.9796,44.37,11.9,9.6,0
ID873843,1GKUKFDJ9AR187497,Uber Black,Premium,3.6236,43.57,11.6,9.6,0
ID9112594,1VWAH7A30DC030583,UberPool,Traveler,3.3476,25.13,10.7,9.6,0
ID91376701,JH4DC53833S414971,UberX,Premium,3.2768,,11.2,9.6,0
ID9112366,WAULC58E63A769812,Uber Black,Commuter,3.7428,42.29,11.5,9.6,0
ID917080,JH4KC1F94EC969784,Uber Black,Commuter,4.5,38.49,10.7,9.6,0
ID91858,19XFB4F25FE387214,UberX,Commuter,4.292,13.56,11.4,9.7,0
ID91376701,KMHFH4JG9EA448076,UberX,Premium,3.2768,,11.2,9.7,0
ID915664,5NPET4AC1AH013972,Uber Black,Social,3.3888,31.58,9.5,9.7,0
ID915664,1G6DS8EV1A0166997,Uber Black,Social,3.3888,34.58,9.5,9.7,0
ID923169,WBAYG6C54FD083519,Uber Black,Other,3.3964,32.34,12.9,9.7,0
ID8610629,3D4PG6FV6AT871914,UberPool,Traveler,5.164,10.94,10.2,9.7,0
ID903554,WBALM7C58DE983727,UberX,Social,4.116,13.72,11.2,9.8,0
ID859465,WDDEJ7KB2DA932328,Uber Black,HFR,3.2556,31.04,11.8,9.8,0
ID88147102,WAULT58E44A694111,Uber Black,HFR,3.3484,32.33,9.3,9.8,0
ID901549,1ZVBP8AM3C5828231,Uber Black,HFR,4.948,39.38,11.7,9.8,0
ID861597,WBA3B1C58FP144509,UberX,Premium,3.5088,10.83,11,9.8,0
ID89346,4USCN534X2L088786,UberPool,Traveler,2.802,14.4,13.4,9.8,0
ID91376702,WAUSH78E48A746402,UberPool,Commuter,3.1352,13.23,7.5,9.8,0
ID919537,1VWAS7A32FC038043,UberX,Other,3.8748,13.62,11.9,9.8,0
ID868871,WAUGL78E87A536369,Uber Black,Commuter,4.656,36.56,11.7,9.8,0
ID911201,WA1LKBFP0AA623177,UberX,Social,4.396,9.98,9.6,9.9,0
ID87106,3N6CM0KN8FK816267,UberX,HFR,3.9016,9.08,11.9,9.9,0
ID86973702,JN8AE2KP5C9784157,UberPool,Traveler,3.988,15.18,9.6,9.9,0
ID923169,1G6DS57V780912648,Uber Black,Other,3.3964,38.34,12.9,9.9,0
ID858477,JTJBM7FX6B5692715,Uber Black,Premium,3.9008,30.2,13.6,9.9,0
ID858477,5J8TB3H38EL059182,Uber Black,Premium,3.9008,38.2,13.6,9.9,0
ID859487,WAUDFAFL5BA245555,UberPool,Social,3.9324,,10.9,9.9,0
ID861597,WA1C8BFP3DA925890,UberX,Premium,3.5088,10.83,11,9.9,0
ID919812,WAUSH98E67A010538,UberX,Premium,4.944,12.58,11.4,10.0,0
ID9013005,JM1BL1K5XB1501859,Uber Black,Social,3.3208,34.21,10.2,10.0,0
ID872608,1G4CU541354610746,UberPool,HFR,3.8796,,12.5,10.0,0
ID865137,5N1AN0NU6CN493784,UberX,Premium,3.7492,6.82,11.7,10.0,0
ID871149,WA1CMAFP3EA822556,UberPool,Social,3.006,12.96,12.1,10.0,0
ID901041,WBAEN33413P107784,UberX,Traveler,3.4328,10.69,10.5,10.0,0
ID894329,1FTWW3CY9AE460657,UberPool,Traveler,3.9872,18.9,13,10.0,0
ID859487,SCFBB04B28G258460,UberPool,Social,3.9324,,10.9,10.0,0
ID862261,3N1CN7AP2DL471565,Uber Black,Premium,4.096,,12.8,10.0,0
ID862261,WP0CA2A86ES493334,Uber Black,Premium,4.096,,12.8,10.0,0
ID871122,JHMZF1C45DS462637,Uber Black,Other,3.7244,33.26,11.3,10.0,0
ID889403,1D7RV1GTXBS393596,Uber Black,Other,3.136,40.38,9,10.0,1
ID884626,WVGAK7A94AD846058,UberX,Other,3.504,10.11,10.5,10.0,0
ID892604,JTJBM7FX7B5195348,UberX,Premium,3.3804,15.89,11,10.0,0
ID894335,3GYFNFE36FS955480,Uber Black,Traveler,3.0228,40.68,11.1,10.0,0
ID8812818,WBAWV53557P084217,Uber Black,Social,4.204,44.82,10.1,10.1,0
ID909411,WVGFF9BPXBD403935,UberX,Traveler,3.566,,11.8,10.1,0
ID922576,WA1MYAFE6AD651754,Uber Black,Social,3.6984,37.23,10.3,10.1,0
ID8813129,WAUML54D91N597511,UberPool,Other,3.378,17.02,10.5,10.1,0
ID871122,WDDGF4HB2DA722375,Uber Black,Other,3.7244,45.26,11.3,10.1,0
ID8712291,WBAEW53473P120595,UberX,Commuter,3.3684,15.76,9.4,10.1,0
ID8712291,KMHGH4JH4DU020572,UberX,Commuter,3.3684,15.76,9.4,10.1,0
ID875878,1G6DP567150996417,Uber Black,Traveler,3.1764,42.29,10.7,10.1,0
ID862980,WUARU98E67N473983,Uber Black,Traveler,4.02,34.4,12.6,10.1,0
ID862965,KNADM5A39D6638923,UberX,Commuter,3.2052,9.27,11.3,10.1,0
ID912558,JHMZF1C46CS089946,Uber Black,Traveler,3.98,49.08,10.2,10.1,0
ID9113816,WBA3A9C52DF897473,Uber Black,Other,3.5008,38.14,11.3,10.1,0
ID854941,WAUCFAFC7DN055537,Uber Black,Commuter,3.5932,30.42,10.7,10.1,0
ID907915,2C3CCAJG7DH813444,Uber Black,HFR,4.216,47.81,10.9,10.2,0
ID904302,SCFBB04B87G674320,Uber Black,Premium,3.0964,34.8,12,10.2,0
ID8711216,5GADT13S962712890,UberPool,Commuter,2.978,19.46,8.2,10.2,0
ID8610908,JTHBF5C25D5152624,UberX,Premium,3.9736,14,10.7,10.2,0
ID907145,JA32X8HW4AU795347,UberX,HFR,4.3,15.12,12.8,10.2,0
ID875878,1N4AB7AP6DN225623,Uber Black,Traveler,3.1764,48.5,10.7,10.2,0
ID89344,2T1KU4EEXCC085559,UberPool,Commuter,3.4044,15.82,10.6,10.2,0
ID9010872,1FAHP3E25CL966167,UberX,Other,3.8744,14.29,8.3,10.2,0
ID89813,JN8AF5MV8FT230113,Uber Black,HFR,3.9004,46.97,9.6,10.2,0
ID917080,1FTMF1E89AF898808,Uber Black,Commuter,4.5,49.49,10.7,10.2,0
ID901034302,WAUFGBFB2BN066854,Uber Black,Traveler,2.9744,31.07,11.1,10.2,0
ID9012568,JTDKTUD38ED825649,UberPool,HFR,3.1852,13.21,9.2,10.3,0
ID87139402,1FAHP2D8XDG908422,Uber Black,Premium,4.112,39.53,11.1,10.3,0
ID8610908,5N1AN0NW7DN602756,UberX,Premium,3.9736,14,10.7,10.3,0
ID89344,1GD12YEG1FF370314,UberPool,Commuter,3.4044,15.82,10.6,10.3,0
ID893783,WBAUU3C59AA582302,UberX,HFR,3.5256,15.11,11.6,10.3,0
ID893783,WBANV13558B823993,UberX,HFR,3.5256,15.11,11.6,10.3,0
ID89524,1FMEU7DE5AU031434,UberX,Other,3.7236,8.88,10,10.3,0
ID907915,WAURMAFD5EN570661,Uber Black,HFR,4.216,51.81,10.9,10.3,0
ID8812844,2G4GT5GC9B9737690,Uber Black,Premium,4.244,39.86,12.5,10.3,0
ID8910748,2C3CCAGG1EH321730,Uber Black,Premium,3.9336,43.54,11.8,10.4,0
ID89296,2GKALMEK5C6173056,UberX,Premium,3.5412,14.16,11.6,10.4,0
ID9111596,YV1672MK7C2053830,Uber Black,Social,2.6452,41.54,11.3,10.4,0
ID86561,5N1AR2MM0FC383833,UberX,HFR,3.514,13.21,10.2,10.4,0
ID877501,WDDEJ7KB1AA667316,Uber Black,Commuter,3.8344,39.56,11.1,10.4,0
ID88249602,3C6JD7BP4CG047227,Uber Black,Social,3.628,40.25,10,10.4,0
ID8810158,5TDBY5G15ES624054,UberX,Commuter,4.008,11.7,10.3,10.4,0
ID891670,4T3BA3BB7EU566424,UberX,Traveler,4.02,12.02,10.7,10.4,0
ID857810,JHMZE2H37CS191782,Uber Black,Social,3.224,,10.7,10.5,0
ID921362,3C4PDDDG9FT186764,UberX,Other,3.4672,13.48,14.2,10.5,0
ID914862,JH4KB16557C890241,UberPool,HFR,3.9532,16.74,9.1,10.5,0
ID9113846,WBSDX9C53BE246483,Uber Black,Traveler,3.0796,45.97,11.3,10.5,0
ID857155,3C63D3KL9CG897840,UberPool,Other,4.124,14.63,11.2,10.5,0
ID86973701,1FTWW3A58AE869127,UberX,Premium,3.2552,14.77,9.2,10.5,0
ID905501,WA1VFAFL8DA856670,Uber Black,HFR,3.474,39.43,11.2,10.5,0
ID9013594,1N6AA0CJ6FN623878,UberPool,HFR,3.3072,15.15,10.2,10.5,0
ID89346,WBAPM77579N048041,UberPool,Traveler,2.802,14.4,13.4,10.5,0
ID8510653,WBAEW53482P842298,Uber Black,Premium,4.3,33.04,10.4,10.5,0
ID924934,3D73Y3CL6AG104637,Uber Black,Social,3.612,39.61,12.4,10.6,0
ID915940,1G6DM57T260709737,UberX,Traveler,3.9328,9.66,9.6,10.6,0
ID9113846,WUAPV54B43N522696,Uber Black,Traveler,3.0796,40.97,11.3,10.6,0
ID89524,WBAFZ9C58DC010207,UberX,Other,3.7236,8.88,10,10.6,0
ID903811,JN1AZ4EH8BM000763,Uber Black,Social,3.218,48.91,10,10.6,0
ID903811,SCFHDDAJ2CA235098,Uber Black,Social,3.218,38.91,10,10.6,0
ID904647,SCBDC4BL1AC430081,UberX,Social,3.5488,6.91,11.4,10.6,1
ID864496,4T3BA3BB0FU144741,UberX,Commuter,4.6,11.83,13.4,10.6,0
ID8910996,19UUA86209A463125,Uber Black,Social,3.6148,36.44,12.8,10.6,0
ID883539,JN1CV6FE5DM028933,Uber Black,Social,3.1704,39.87,11.1,10.6,0
ID8611161,1G6DL5EY7B0883136,Uber Black,Traveler,4.312,38.61,10.4,10.6,0
ID88203002,WP0CA2A88FK407815,Uber Black,Social,3.112,53.81,11.9,10.6,0
ID897604,WAUAF98EX6A719912,Uber Black,Traveler,3.7848,43.48,10.6,10.6,0
ID869254,3GYFNGEY9AS923391,UberX,Commuter,3.1172,10.97,12.2,10.7,1
ID902727,WAUJC58E35A882403,Uber Black,HFR,3.3452,35.66,10.4,10.7,0
ID906616,WP1AA2A23EL474555,UberX,Traveler,4.352,12.02,11.5,10.7,0
ID911408,3CZRE3H57BG528332,Uber Black,Commuter,3.616,39.55,10.7,10.7,0
ID904969,2T3BFREV1EW864641,UberX,Premium,3.4728,10.95,11.2,10.7,0
ID906878,WAUEKBFB8AN192032,UberX,HFR,3.6228,15.13,10.1,10.7,0
ID875099,3G5DA03L97S819572,Uber Black,Other,2.78,43.22,12.9,10.7,1
ID868223,WAUCFAFH4CN622359,UberX,Social,4.204,12.67,11.5,10.7,1
ID915276,SCFFDABE5CG518289,Uber Black,Premium,5.02,42.82,12.6,10.7,1
ID914580,KNADM5A34E6487362,UberX,Traveler,3.5712,,11,10.8,1
ID891716,1FMCU4K38AK556023,Uber Black,Traveler,3.8668,36.7,10.8,10.8,1
ID871001502,JTDBT4K31B4351932,UberX,Premium,3.762,9.78,13.7,10.8,1
ID88147102,WVWAA7AJ3CW080526,Uber Black,HFR,3.3484,40.33,9.3,10.8,0
ID901549,WBAFU9C50CC134212,Uber Black,HFR,4.948,45.38,11.7,10.8,0
ID866714,WAUAFAFH8CN210436,UberX,Traveler,4.264,9.29,11.1,10.8,0
ID904647,NM0KS9BNXCT780282,UberX,Social,3.5488,6.91,11.4,10.8,0
ID905502,YV1672MS7B2815391,Uber Black,Social,3.5432,41.97,11.8,10.8,0
ID87127,5GNRNGEE0A8040460,UberX,Premium,3.8376,5.71,12.1,10.8,0
ID9111843,WAUBC48H55K363971,UberPool,Other,3.3748,28.23,11.3,10.9,0
ID898690,19XFB2E55FE548659,UberX,Traveler,3.6304,12.03,11.7,10.9,0
ID916221,1C4RJEAG8CC051472,UberX,Premium,4.196,14.61,11.7,10.9,0
ID861103,1GYFC56269R354857,UberX,Commuter,4.408,9.98,11.6,10.9,0
ID922840,1GYEE437190919178,UberX,Commuter,3.5508,12.58,12.4,10.9,0
ID90769601,4T1BF1FK9CU731928,Uber Black,Premium,3.2604,47.52,12,10.9,0
ID905502,WAUBC48H55K363971,Uber Black,Social,3.5432,,11.8,10.9,0
ID911202,WAUNE78P88A757751,UberX,Other,3.4332,13.15,10.9,10.9,0
ID8910499,1FTSW3A57AE137148,UberX,Traveler,3.1824,10.96,10.3,10.9,0
ID901303,WAUDFAFL1DA355716,UberPool,Commuter,3.952,16.07,8.4,10.9,0
ID90250,3N6CM0KN5FK946362,Uber Black,Premium,2.774,,11.1,10.9,0
ID896864,JTHBP5C26E5227409,Uber Black,Premium,3.8316,42.25,10.5,10.9,0
ID913102,1B3CC5FB7AN682097,UberX,HFR,3.4564,12.85,9.6,10.9,0
ID914333,1G4HP54K44U120983,UberX,Traveler,3.8348,8.17,9.4,10.9,0
ID905686,WAUXL58EX5A713134,UberPool,HFR,3.9092,21.17,11.4,11.0,0
ID90769601,3VW507AT9EM634383,Uber Black,Premium,3.2604,43.52,12,11.0,0
ID894329,JHMFA3F28AS842719,UberPool,Traveler,3.9872,18.9,13,11.0,0
ID912519,1FTSW2A53AE275957,UberPool,Traveler,4.284,14.06,10.3,11.0,0
ID894335,SCBZB25E02C254121,Uber Black,Traveler,3.0228,34.68,11.1,11.0,0
ID8810528,3N1CN7AP0DL579084,Uber Black,Premium,3.5484,30.18,11.4,11.1,0
ID871641,1C4RDHAG5FC937794,Uber Black,Premium,4.024,44.53,12,11.1,0
ID922296,WAUAF78E58A547991,UberPool,Traveler,3.4684,28.06,10.5,11.1,0
ID858981,WDCGG5GB8BF563242,UberPool,Commuter,4.972,20.98,13.5,11.1,0
ID89382602,1C6RD6KPXCS589065,Uber Black,Premium,3.5176,43.54,10.8,11.1,0
ID883852,WAUDT48H96K538166,Uber Black,Premium,3.8368,40.19,11.6,11.1,0
ID914366,SCFHDDAJ5CA639335,UberX,Premium,4.304,14.17,10.7,11.1,0
ID914366,1N6AA0CC2EN898213,UberX,Premium,4.304,14.17,10.7,11.1,0
ID925277,5TDDK3DC3ES370459,Uber Black,Traveler,3.3892,38.68,9.4,11.1,1
ID911202,WBADS43401G304694,UberX,Other,3.4332,13.15,10.9,11.1,1
ID9113156,1C3BCBFG6CN942467,UberPool,Social,2.798,26.99,9.8,11.1,1
ID895299,WA1EY74L88D300492,UberPool,Commuter,3.0732,17.93,11.4,11.1,1
ID904302,1G6DG5EY5B0890851,Uber Black,Premium,3.0964,40.8,12,11.1,1
ID8910251,1FTNF2A55AE883797,Uber Black,Social,3.8752,,12.1,11.1,1
ID897137,3FA6P0D9XDR573076,UberPool,Traveler,3.3224,14.78,11.9,11.1,1
ID891936,3VW1K7AJ7EM254434,Uber Black,Commuter,3.4072,35.22,12.1,11.1,1
ID919537,2HKRM3H52DH576663,UberX,Other,3.8748,13.62,11.9,11.2,0
ID898690,WBAEB5C55AC320979,UberX,Traveler,3.6304,12.03,11.7,11.2,0
ID8610175,1C6RD6HT9CS602070,UberPool,Commuter,3.6688,16.52,11.1,11.2,0
ID901041,WBALM5C50AE097157,UberX,Traveler,3.4328,10.69,10.5,11.2,0
ID91544002,5UXZV4C57BL138643,Uber Black,Commuter,4.776,47.89,11.9,11.2,0
ID868682,KMHHT6KD0CU345695,Uber Black,Other,3.8556,47.28,11.7,11.2,0
ID911150,3C3CFFAR2FT814386,UberX,Premium,3.3552,15.34,9.6,11.2,0
ID8913,1FTEW1CM8EF548001,UberPool,Social,2.782,13.12,10.8,11.2,0
ID922840,1C3CCBCB2CN438785,UberX,Commuter,3.5508,12.58,12.4,11.2,0
ID9010598,4USBT53414L302424,UberX,Other,3.8704,14.84,10.8,11.2,0
ID89511501,WAUXL58E85A586660,Uber Black,Commuter,3.4692,39.13,11.2,11.2,0
ID90944601,5FPYK1F29DB720181,Uber Black,Premium,3.5268,38.5,10.2,11.2,0
ID911384,KNAFK4A63E5236700,UberPool,Other,3.2392,14.93,9.4,11.2,0
ID897604,JN8AZ1FY9DW108105,Uber Black,Traveler,3.7848,31.48,10.6,11.2,0
ID921644,WBA4B3C56FG874452,Uber Black,Premium,3.31,25.42,9.5,11.3,0
ID906878,19XFA1E81BE344765,UberX,HFR,3.6228,15.13,10.1,11.3,0
ID899187,1FMEU8FE0AU910780,UberPool,HFR,3.0244,17.07,11.6,11.3,0
ID905978,1VWAH7A30DC030583,Uber Black,Premium,4.176,35.25,13,11.3,0
ID88411702,JN1BJ0HP0DM940937,UberPool,Social,3.2172,23.77,10.1,11.3,0
ID862009,WA1WMAFE3DD337441,UberX,Commuter,4.088,14.3,10.3,11.3,0
ID891936,5N1CL0MM4EC495077,Uber Black,Commuter,3.4072,39.22,12.1,11.3,0
ID8510824,WBAEB53528C928940,UberX,Traveler,4.096,8.44,13,11.3,0
ID8910721,JN8AF5MV3FT258241,Uber Black,Premium,2.5716,39.49,10,11.3,0
ID871149,TRUWC28N711398421,UberPool,Social,3.006,12.96,12.1,11.3,0
ID9047,5NPEB4AC5BH020153,UberX,Traveler,3.9516,,10.7,11.3,0
ID862009,19VDE1F39EE957504,UberX,Commuter,4.088,14.3,10.3,11.3,0
ID905686,JTHBE5C24D5476280,UberPool,HFR,3.9092,21.17,11.4,11.3,0
ID908469,1GYS3FEJ7DR980309,UberX,Social,3.5696,12.94,9.5,11.3,0
ID9013579,1GD12XEG7FF759517,UberX,HFR,3.0068,13.77,10.4,11.3,0
ID913102,2G4GS5GX5E9853639,UberX,HFR,3.4564,12.85,9.6,11.3,0
ID911654,JH4NA12685S467381,UberX,Traveler,3.5724,9.32,9.8,11.3,0
ID906539,5N1AA0NCXAN299906,UberPool,HFR,3.4184,19.04,11.6,11.4,0
ID862485,1FTEW1CM6DK043984,UberPool,Commuter,3.5932,12.84,11.6,11.4,0
ID918465,5N1AR2MM0FC383833,UberX,Commuter,4.4,9.44,11.2,11.4,0
ID882488,5GADT13S262471819,UberX,Commuter,3.3856,11.91,13,11.4,0
ID925291,1G6DS57V780912648,UberPool,Traveler,3.7044,23.93,11.5,11.4,0
ID862485,JH4KC1F38EC580478,UberPool,Commuter,3.5932,12.84,11.6,11.4,0
ID8911230,5NPDH4AE0BH168030,Uber Black,Commuter,3.7516,43.37,11.8,11.4,0
ID86408,1C4RJEAG8CC051472,Uber Black,Other,3.9732,37.76,10.8,11.5,0
ID904689,3D73M3HL2BG988016,UberX,Premium,2.9404,14.29,10.6,11.5,0
ID893061,1C4RDJAG2CC177004,UberX,Premium,2.9896,12.7,11.6,11.5,0
ID8911164,YV4852CTXA1076792,Uber Black,Social,4.9,50.09,11.4,11.5,0
ID88147101,WDDJK7DA6EF567737,UberX,Premium,4.212,11.46,12.3,11.5,0
ID863270,1G6DS8EV1A0166997,UberPool,Other,3.3908,18.54,11.1,11.5,0
ID864292,JN8AF5MR6ET184413,Uber Black,Social,4.488,43.19,12.1,11.5,0
ID921092,1G4HR54K244495233,Uber Black,Social,3.2392,38.49,14.2,11.6,0
ID917062,4T3BA3BB0FU144741,UberPool,HFR,4.872,,10.6,11.6,0
ID9113156,19UUA76697A482038,UberPool,Social,2.798,26.99,9.8,11.6,0
ID9113514,WAULD54B12N748155,Uber Black,Social,3.3244,,12.9,11.6,0
ID91903902,5J8TB18548A532873,Uber Black,Premium,3.7108,38.5,10.2,11.6,0
ID857343,3D73M3CLXBG282158,Uber Black,HFR,3.4548,46.6,11.5,11.6,0
ID91544002,KNDJT2A53D7882554,Uber Black,Commuter,4.776,42.89,11.9,11.6,0
ID91858,WBA3A5C53EF158008,UberX,Commuter,4.292,13.56,11.4,11.7,0
ID911408,JN8AZ2KR5AT272386,Uber Black,Commuter,3.616,45.55,10.7,11.7,0
ID917092,1FTEW1CM8BK026679,Uber Black,Premium,5.484,41.74,13,11.7,0
ID86409,5FNYF3H38FB451544,Uber Black,Commuter,3.1348,34.65,9.2,11.7,0
ID905189,WAUSF98E47A759005,UberPool,Social,3.798,,8.6,11.7,0
ID8711003,SALSF2D48AA913268,UberPool,Social,3.4616,17.94,11.2,11.7,0
ID869931,WBSWD9C52AP320951,Uber Black,Social,3.1776,,10.2,11.7,0
ID88350402,1GYS4AEFXCR512231,UberX,Premium,3.7692,11.6,10.3,11.7,0
ID919812,5YMKT6C50F0275961,UberX,Premium,4.944,12.58,11.4,11.8,0
ID922297,JM1CR2W35A0946449,UberX,HFR,3.8312,9.78,10,11.8,0
ID8810436,3D73Y4HL9BG289119,Uber Black,Premium,3.2728,45.31,9.2,11.8,0
ID9113455,19UUA56631A162211,Uber Black,Social,3.47,36.74,10.4,11.8,0
ID903011,1FTEW1CF3FK969408,Uber Black,Premium,3.346,43.68,11.7,11.8,0
ID866714,2HKRM3H52DH576663,UberX,Traveler,4.264,9.29,11.1,11.8,0
ID909231,JTHKD5BHXB2396666,UberX,Other,3.4736,15.6,10.1,11.8,0
ID906290,YV1982BW3A1085161,UberPool,Social,4.072,21.41,11.9,11.8,0
ID8915,WBA3X9C52FD765634,UberX,Commuter,3.5968,15.1,9.3,11.8,0
ID8710441,WVWAN7AN5DE314714,UberPool,Commuter,4.288,15.34,12.6,11.8,0
ID912600,WBAYB6C57FD491186,Uber Black,Commuter,4.172,42.13,8.7,11.8,0
ID869931,WA1C8BFP8DA788509,Uber Black,Social,3.1776,,10.2,11.8,0
ID911391,2HNYD186X1H401276,UberPool,Traveler,4.028,15.62,12,11.8,0
ID906616,WAUJC68E25A136854,UberX,Traveler,4.352,12.02,11.5,11.9,0
ID88350402,1GKS2FEJ0CR247756,UberX,Premium,3.7692,11.6,10.3,11.9,0
ID871641,SCFFDEDN4CG115604,Uber Black,Premium,4.024,34.53,12,11.9,0
ID9013594,YV4952CF4D1593945,UberPool,HFR,3.3072,15.15,10.2,11.9,0
ID89827,3VW1K7AJXCM920568,Uber Black,Social,4.132,35.84,11.9,11.9,0
ID909231,YV4940BZ4E1092834,UberX,Other,3.4736,15.6,10.1,11.9,0
ID903483,WBA3C3C57EK179630,UberPool,Other,4.156,16.84,13.5,11.9,0
ID902976,SCBLF44J59C958846,UberX,Traveler,2.8104,12.16,10.2,12.0,0
ID922577,WBANU5C52AC934494,UberX,Commuter,3.7736,12.35,12.5,12.0,0
ID88518501,SALAG2V6XEA395288,UberPool,HFR,3.738,,11.7,12.0,0
ID862989,3N1AB7AP4FY116497,UberPool,Commuter,3.9956,19.29,12.3,12.0,0
ID9113514,WAUWFAFL8BA611517,Uber Black,Social,3.3244,,12.9,12.0,0
ID911673,WBAAZ33423P250245,UberX,HFR,2.7312,12.62,10.1,12.0,0
ID911673,1G6YV36A175754899,UberX,HFR,2.7312,12.62,10.1,12.5,0
ID91227,YV1902MM7F1959909,UberX,Premium,3.1964,15.24,10.1,12.5,0
ID91227,WBALM5C50AE097157,UberX,Premium,3.1964,15.24,10.1,12.5,0
ID914102,JTEBU4BFXBK101894,UberX,Social,2.934,9.37,10.6,12.5,0
ID914102,4A31K5DF6CE242631,UberX,Social,2.934,9.37,10.6,12.5,0
ID85759902,3GYFNJE33DS818500,Uber Black,Premium,3.8096,37.75,11.7,12.5,0
ID85759902,JTEBU5JR7F5176199,Uber Black,Premium,3.8096,39.75,11.7,12.7,0
ID874662,NM0KS6BN4AT299228,UberX,HFR,4.028,13.39,11.5,12.7,0
ID901028,1G6YV36A175754899,UberPool,HFR,3.4972,16.21,10.1,12.7,0
ID909410,WAUDF98E88A813187,UberX,Traveler,3.1864,11.66,10,12.7,0
ID867387,WAUJT68E12A933947,UberX,Social,3.7848,9.93,8.8,12.7,0
ID869218,WAUXL68E85A609344,UberX,Social,4.368,13.31,11.6,12.7,0
ID9113455,1VWAS7A33FC743093,Uber Black,Social,3.47,38.74,10.4,12.8,0
ID903011,WBAEB53588C939022,Uber Black,Premium,3.346,36.68,11.7,12.8,0
ID86973701,1G6AY5SXXE0348239,UberX,Premium,3.2552,14.77,9.2,12.8,0
ID874662,5N1AA0NE4FN958412,UberX,HFR,4.028,13.39,11.5,12.8,0
ID894604,WBA5M0C58ED767643,UberX,Other,4.244,12.18,12.3,12.8,1
ID883852,WBAHN83548D191286,Uber Black,Premium,3.8368,28.19,11.6,12.8,0
ID859711,SCBDR33WX8C828935,UberPool,Traveler,3.9132,14.64,13.1,12.8,0
ID867387,2C4RDGCG9DR596668,UberX,Social,3.7848,9.93,8.8,12.8,0
ID869218,WA1YD54B24N310332,UberX,Social,4.368,13.31,11.6,12.8,0
ID869224,KL4CJDSB7EB798129,Uber Black,Premium,3.4708,38.04,10.6,12.8,0
ID869224,3FA6P0D97DR251513,Uber Black,Premium,3.4708,33.04,10.6,12.8,0
ID8912284,WA1DKAFP2CA399055,Uber Black,Other,3.1272,33.54,10.6,12.8,1
ID891703,1FAHP3EN0BW951258,Uber Black,Other,3.3488,39.22,11.4,12.9,1
ID8912284,WBAUC7C53AV703926,Uber Black,Other,3.1272,35.54,10.6,12.9,1
ID862989,SCFEBBBK5DG296240,UberPool,Commuter,3.9956,19.29,12.3,13.0,1
ID91550,1C6RD6KP9CS441442,Uber Black,Premium,3.2396,31.57,11.4,13.0,0
ID91505,YV1672MK0C2908013,UberX,Traveler,4.632,,10.9,13.8,0
ID861598,SAJWA1EK4EM002021,UberPool,HFR,4.528,15.24,9.4,13.8,0
ID913063,WDDGF4HB1EG209763,UberX,Commuter,3.8056,12.41,10.7,13.8,0
ID91550,WBAVB73597V490206,Uber Black,Premium,3.2396,43.57,11.4,13.8,0
ID8913049,WA1CMAFE2AD000127,UberPool,Social,3.208,19.96,11.6,13.8,0
ID891703,KMHFH4JG9EA448076,Uber Black,Other,3.3488,45.22,11.4,14.0,0
ID901028,1G6DV8EP7B0075808,UberPool,HFR,3.4972,16.21,10.1,14.0,1
ID91505,KMHHT6KD6AU432434,UberX,Traveler,4.632,,10.9,14.8,0
ID861598,2T1BURHE6FC386018,UberPool,HFR,4.528,15.24,9.4,14.8,0
ID913063,JH4KB16558C717806,UberX,Commuter,3.8056,12.41,10.7,14.8,0